Index,TIPOLOGIA_PENAL,Periodos,Value,tipo
1,CRIMINALIDAD CONVENCIONAL,ene-dic 2019,11194,aculumado
2,Homicidios dolosos y asesinatos consumados,ene-dic 2019,3,aculumado
3,Homicidios dolosos y asesinatos en grado tentativa,ene-dic 2019,8,aculumado
4,Delitos graves y menos graves de lesiones y riña tumultuaria,ene-dic 2019,107,aculumado
5,Secuestro,ene-dic 2019,0,aculumado
6,Delitos contra la libertad sexual,ene-dic 2019,82,aculumado
7,Agresión sexual con penetración,ene-dic 2019,18,aculumado
8,Resto de delitos contra la libertad sexual,ene-dic 2019,64,aculumado
9,Robos con violencia e intimidación,ene-dic 2019,1478,aculumado
10,Robos con fuerza en domicilios# establecimientos y otras instalaciones,ene-dic 2019,645,aculumado
11,Robos con fuerza en domicilios,ene-dic 2019,390,aculumado
12,Hurtos,ene-dic 2019,3684,aculumado
13,Sustracciones de vehículos,ene-dic 2019,265,aculumado
14,Tráfico de drogas,ene-dic 2019,51,aculumado
15,Resto de criminalidad convencional,ene-dic 2019,4871,aculumado
16,CIBERCRIMINALIDAD (infracciones penales cometidas en/por medio ciber),ene-dic 2019,1153,aculumado
17,Estafas informáticas,ene-dic 2019,1135,aculumado
18,Otros ciberdelitos,ene-dic 2019,18,aculumado
19,TOTAL INFRACCIONES PENALES,ene-dic 2019,12347,aculumado
1,CRIMINALIDAD CONVENCIONAL,ene-dic 2021,10309,aculumado
2,Homicidios dolosos y asesinatos consumados,ene-dic 2021,1,aculumado
3,Homicidios dolosos y asesinatos en grado tentativa,ene-dic 2021,4,aculumado
4,Delitos graves y menos graves de lesiones y riña tumultuaria,ene-dic 2021,112,aculumado
5,Secuestro,ene-dic 2021,0,aculumado
6,Delitos contra la libertad sexual,ene-dic 2021,86,aculumado
7,Agresión sexual con penetración,ene-dic 2021,15,aculumado
8,Resto de delitos contra la libertad sexual,ene-dic 2021,71,aculumado
9,Robos con violencia e intimidación,ene-dic 2021,1124,aculumado
10,Robos con fuerza en domicilios# establecimientos y otras instalaciones,ene-dic 2021,556,aculumado
11,Robos con fuerza en domicilios,ene-dic 2021,378,aculumado
12,Hurtos,ene-dic 2021,3347,aculumado
13,Sustracciones de vehículos,ene-dic 2021,191,aculumado
14,Tráfico de drogas,ene-dic 2021,67,aculumado
15,Resto de criminalidad convencional,ene-dic 2021,4821,aculumado
16,CIBERCRIMINALIDAD (infracciones penales cometidas en/por medio ciber),ene-dic 2021,1559,aculumado
17,Estafas informáticas,ene-dic 2021,1512,aculumado
18,Otros ciberdelitos,ene-dic 2021,47,aculumado
19,TOTAL INFRACCIONES PENALES,ene-dic 2021,11868,aculumado
1,CRIMINALIDAD CONVENCIONAL,ene-dic 2022,11725,aculumado
2,Homicidios dolosos y asesinatos consumados,ene-dic 2022,1,aculumado
3,Homicidios dolosos y asesinatos en grado tentativa,ene-dic 2022,9,aculumado
4,Delitos graves y menos graves de lesiones y riña tumultuaria,ene-dic 2022,120,aculumado
5,Secuestro,ene-dic 2022,0,aculumado
6,Delitos contra la libertad sexual,ene-dic 2022,100,aculumado
7,Agresión sexual con penetración,ene-dic 2022,26,aculumado
8,Resto de delitos contra la libertad sexual,ene-dic 2022,74,aculumado
9,Robos con violencia e intimidación,ene-dic 2022,1462,aculumado
10,Robos con fuerza en domicilios# establecimientos y otras instalaciones,ene-dic 2022,840,aculumado
11,Robos con fuerza en domicilios,ene-dic 2022,467,aculumado
12,Hurtos,ene-dic 2022,3825,aculumado
13,Sustracciones de vehículos,ene-dic 2022,251,aculumado
14,Tráfico de drogas,ene-dic 2022,50,aculumado
15,Resto de criminalidad convencional,ene-dic 2022,5067,aculumado
16,CIBERCRIMINALIDAD (infracciones penales cometidas en/por medio ciber),ene-dic 2022,1971,aculumado
17,Estafas informáticas,ene-dic 2022,1916,aculumado
18,Otros ciberdelitos,ene-dic 2022,55,aculumado
19,TOTAL INFRACCIONES PENALES,ene-dic 2022,13696,aculumado
1,CRIMINALIDAD CONVENCIONAL,ene-dic 2023,11881,aculumado
2,Homicidios dolosos y asesinatos consumados,ene-dic 2023,3,aculumado
3,Homicidios dolosos y asesinatos en grado tentativa,ene-dic 2023,10,aculumado
4,Delitos graves y menos graves de lesiones y riña tumultuaria,ene-dic 2023,133,aculumado
5,Secuestro,ene-dic 2023,1,aculumado
6,Delitos contra la libertad sexual,ene-dic 2023,109,aculumado
7,Agresión sexual con penetración,ene-dic 2023,37,aculumado
8,Resto de delitos contra la libertad sexual,ene-dic 2023,72,aculumado
9,Robos con violencia e intimidación,ene-dic 2023,1373,aculumado
10,Robos con fuerza en domicilios# establecimientos y otras instalaciones,ene-dic 2023,542,aculumado
11,Robos con fuerza en domicilios,ene-dic 2023,344,aculumado
12,Hurtos,ene-dic 2023,3969,aculumado
13,Sustracciones de vehículos,ene-dic 2023,233,aculumado
14,Tráfico de drogas,ene-dic 2023,75,aculumado
15,Resto de criminalidad convencional,ene-dic 2023,5433,aculumado
16,CIBERCRIMINALIDAD (infracciones penales cometidas en/por medio ciber),ene-dic 2023,2275,aculumado
17,Estafas informáticas,ene-dic 2023,2224,aculumado
18,Otros ciberdelitos,ene-dic 2023,51,aculumado
19,TOTAL INFRACCIONES PENALES,ene-dic 2023,14156,aculumado
1,CRIMINALIDAD CONVENCIONAL,ene-jun 2022,5868,aculumado
2,Homicidios dolosos y asesinatos consumados,ene-jun 2022,0,aculumado
3,Homicidios dolosos y asesinatos en grado tentativa,ene-jun 2022,3,aculumado
4,Delitos graves y menos graves de lesiones y riña tumultuaria,ene-jun 2022,57,aculumado
5,Secuestro,ene-jun 2022,0,aculumado
6,Delitos contra la libertad sexual,ene-jun 2022,43,aculumado
7,Agresión sexual con penetración,ene-jun 2022,17,aculumado
8,Resto de delitos contra la libertad sexual,ene-jun 2022,26,aculumado
9,Robos con violencia e intimidación,ene-jun 2022,665,aculumado
10,Robos con fuerza en domicilios# establecimientos y otras instalaciones,ene-jun 2022,492,aculumado
11,Robos con fuerza en domicilios,ene-jun 2022,267,aculumado
12,Hurtos,ene-jun 2022,1888,aculumado
13,Sustracciones de vehículos,ene-jun 2022,102,aculumado
14,Tráfico de drogas,ene-jun 2022,26,aculumado
15,Resto de criminalidad convencional,ene-jun 2022,2592,aculumado
16,CIBERCRIMINALIDAD (infracciones penales cometidas en/por medio ciber),ene-jun 2022,955,aculumado
17,Estafas informáticas,ene-jun 2022,927,aculumado
18,Otros ciberdelitos,ene-jun 2022,28,aculumado
19,TOTAL INFRACCIONES PENALES,ene-jun 2022,6823,aculumado
1,CRIMINALIDAD CONVENCIONAL,ene-jun 2023,5787,aculumado
2,Homicidios dolosos y asesinatos consumados,ene-jun 2023,2,aculumado
3,Homicidios dolosos y asesinatos en grado tentativa,ene-jun 2023,6,aculumado
4,Delitos graves y menos graves de lesiones y riña tumultuaria,ene-jun 2023,61,aculumado
5,Secuestro,ene-jun 2023,0,aculumado
6,Delitos contra la libertad sexual,ene-jun 2023,55,aculumado
7,Agresión sexual con penetración,ene-jun 2023,17,aculumado
8,Resto de delitos contra la libertad sexual,ene-jun 2023,38,aculumado
9,Robos con violencia e intimidación,ene-jun 2023,681,aculumado
10,Robos con fuerza en domicilios# establecimientos y otras instalaciones,ene-jun 2023,319,aculumado
11,Robos con fuerza en domicilios,ene-jun 2023,202,aculumado
12,Hurtos,ene-jun 2023,1955,aculumado
13,Sustracciones de vehículos,ene-jun 2023,118,aculumado
14,Tráfico de drogas,ene-jun 2023,32,aculumado
15,Resto de criminalidad convencional,ene-jun 2023,2558,aculumado
16,CIBERCRIMINALIDAD (infracciones penales cometidas en/por medio ciber),ene-jun 2023,1043,aculumado
17,Estafas informáticas,ene-jun 2023,1023,aculumado
18,Otros ciberdelitos,ene-jun 2023,20,aculumado
19,TOTAL INFRACCIONES PENALES,ene-jun 2023,6830,aculumado
1,CRIMINALIDAD CONVENCIONAL,ene-jun 2024,6394,aculumado
2,Homicidios dolosos y asesinatos consumados,ene-jun 2024,1,aculumado
3,Homicidios dolosos y asesinatos en grado tentativa,ene-jun 2024,6,aculumado
4,Delitos graves y menos graves de lesiones y riña tumultuaria,ene-jun 2024,68,aculumado
5,Secuestro,ene-jun 2024,0,aculumado
6,Delitos contra la libertad sexual,ene-jun 2024,41,aculumado
7,Agresión sexual con penetración,ene-jun 2024,17,aculumado
8,Resto de delitos contra la libertad sexual,ene-jun 2024,24,aculumado
9,Robos con violencia e intimidación,ene-jun 2024,720,aculumado
10,Robos con fuerza en domicilios# establecimientos y otras instalaciones,ene-jun 2024,352,aculumado
11,Robos con fuerza en domicilios,ene-jun 2024,229,aculumado
12,Hurtos,ene-jun 2024,1899,aculumado
13,Sustracciones de vehículos,ene-jun 2024,109,aculumado
14,Tráfico de drogas,ene-jun 2024,47,aculumado
15,Resto de criminalidad convencional,ene-jun 2024,3151,aculumado
16,CIBERCRIMINALIDAD (infracciones penales cometidas en/por medio ciber),ene-jun 2024,1218,aculumado
17,Estafas informáticas,ene-jun 2024,1157,aculumado
18,Otros ciberdelitos,ene-jun 2024,61,aculumado
19,TOTAL INFRACCIONES PENALES,ene-jun 2024,7612,aculumado
1,CRIMINALIDAD CONVENCIONAL,ene-mar 2022,2920,aculumado
2,Homicidios dolosos y asesinatos consumados,ene-mar 2022,0,aculumado
3,Homicidios dolosos y asesinatos en grado tentativa,ene-mar 2022,3,aculumado
4,Delitos graves y menos graves de lesiones y riña tumultuaria,ene-mar 2022,20,aculumado
5,Secuestro,ene-mar 2022,0,aculumado
6,Delitos contra la libertad sexual,ene-mar 2022,20,aculumado
7,Agresión sexual con penetración,ene-mar 2022,10,aculumado
8,Resto de delitos contra la libertad sexual,ene-mar 2022,10,aculumado
9,Robos con violencia e intimidación,ene-mar 2022,315,aculumado
10,Robos con fuerza en domicilios# establecimientos y otras instalaciones,ene-mar 2022,277,aculumado
11,Robos con fuerza en domicilios,ene-mar 2022,145,aculumado
12,Hurtos,ene-mar 2022,899,aculumado
13,Sustracciones de vehículos,ene-mar 2022,51,aculumado
14,Tráfico de drogas,ene-mar 2022,10,aculumado
15,Resto de criminalidad convencional,ene-mar 2022,1325,aculumado
16,CIBERCRIMINALIDAD (infracciones penales cometidas en/por medio ciber),ene-mar 2022,521,aculumado
17,Estafas informáticas,ene-mar 2022,508,aculumado
18,Otros ciberdelitos,ene-mar 2022,13,aculumado
19,TOTAL INFRACCIONES PENALES,ene-mar 2022,3441,aculumado
1,CRIMINALIDAD CONVENCIONAL,ene-mar 2023,2868,aculumado
2,Homicidios dolosos y asesinatos consumados,ene-mar 2023,0,aculumado
3,Homicidios dolosos y asesinatos en grado tentativa,ene-mar 2023,2,aculumado
4,Delitos graves y menos graves de lesiones y riña tumultuaria,ene-mar 2023,23,aculumado
5,Secuestro,ene-mar 2023,0,aculumado
6,Delitos contra la libertad sexual,ene-mar 2023,25,aculumado
7,Agresión sexual con penetración,ene-mar 2023,6,aculumado
8,Resto de delitos contra la libertad sexual,ene-mar 2023,19,aculumado
9,Robos con violencia e intimidación,ene-mar 2023,374,aculumado
10,Robos con fuerza en domicilios# establecimientos y otras instalaciones,ene-mar 2023,161,aculumado
11,Robos con fuerza en domicilios,ene-mar 2023,99,aculumado
12,Hurtos,ene-mar 2023,927,aculumado
13,Sustracciones de vehículos,ene-mar 2023,56,aculumado
14,Tráfico de drogas,ene-mar 2023,20,aculumado
15,Resto de criminalidad convencional,ene-mar 2023,1280,aculumado
16,CIBERCRIMINALIDAD (infracciones penales cometidas en/por medio ciber),ene-mar 2023,490,aculumado
17,Estafas informáticas,ene-mar 2023,480,aculumado
18,Otros ciberdelitos,ene-mar 2023,10,aculumado
19,TOTAL INFRACCIONES PENALES,ene-mar 2023,3358,aculumado
1,CRIMINALIDAD CONVENCIONAL,ene-mar 2024,3249,aculumado
2,Homicidios dolosos y asesinatos consumados,ene-mar 2024,0,aculumado
3,Homicidios dolosos y asesinatos en grado tentativa,ene-mar 2024,3,aculumado
4,Delitos graves y menos graves de lesiones y riña tumultuaria,ene-mar 2024,33,aculumado
5,Secuestro,ene-mar 2024,0,aculumado
6,Delitos contra la libertad sexual,ene-mar 2024,21,aculumado
7,Agresión sexual con penetración,ene-mar 2024,10,aculumado
8,Resto de delitos contra la libertad sexual,ene-mar 2024,11,aculumado
9,Robos con violencia e intimidación,ene-mar 2024,405,aculumado
10,Robos con fuerza en domicilios# establecimientos y otras instalaciones,ene-mar 2024,179,aculumado
11,Robos con fuerza en domicilios,ene-mar 2024,112,aculumado
12,Hurtos,ene-mar 2024,916,aculumado
13,Sustracciones de vehículos,ene-mar 2024,54,aculumado
14,Tráfico de drogas,ene-mar 2024,24,aculumado
15,Resto de criminalidad convencional,ene-mar 2024,1614,aculumado
16,CIBERCRIMINALIDAD (infracciones penales cometidas en/por medio ciber),ene-mar 2024,637,aculumado
17,Estafas informáticas,ene-mar 2024,615,aculumado
18,Otros ciberdelitos,ene-mar 2024,22,aculumado
19,TOTAL INFRACCIONES PENALES,ene-mar 2024,3886,aculumado
1,CRIMINALIDAD CONVENCIONAL,ene-sep 2022,8815,aculumado
2,Homicidios dolosos y asesinatos consumados,ene-sep 2022,0,aculumado
3,Homicidios dolosos y asesinatos en grado tentativa,ene-sep 2022,7,aculumado
4,Delitos graves y menos graves de lesiones y riña tumultuaria,ene-sep 2022,90,aculumado
5,Secuestro,ene-sep 2022,0,aculumado
6,Delitos contra la libertad sexual,ene-sep 2022,71,aculumado
7,Agresión sexual con penetración,ene-sep 2022,29,aculumado
8,Resto de delitos contra la libertad sexual,ene-sep 2022,42,aculumado
9,Robos con violencia e intimidación,ene-sep 2022,1070,aculumado
10,Robos con fuerza en domicilios# establecimientos y otras instalaciones,ene-sep 2022,671,aculumado
11,Robos con fuerza en domicilios,ene-sep 2022,376,aculumado
12,Hurtos,ene-sep 2022,2890,aculumado
13,Sustracciones de vehículos,ene-sep 2022,173,aculumado
14,Tráfico de drogas,ene-sep 2022,42,aculumado
15,Resto de criminalidad convencional,ene-sep 2022,3801,aculumado
16,CIBERCRIMINALIDAD (infracciones penales cometidas en/por medio ciber),ene-sep 2022,1454,aculumado
17,Estafas informáticas,ene-sep 2022,1414,aculumado
18,Otros ciberdelitos,ene-sep 2022,40,aculumado
19,TOTAL INFRACCIONES PENALES,ene-sep 2022,10269,aculumado
1,CRIMINALIDAD CONVENCIONAL,ene-sep 2023,8804,aculumado
2,Homicidios dolosos y asesinatos consumados,ene-sep 2023,2,aculumado
3,Homicidios dolosos y asesinatos en grado tentativa,ene-sep 2023,8,aculumado
4,Delitos graves y menos graves de lesiones y riña tumultuaria,ene-sep 2023,98,aculumado
5,Secuestro,ene-sep 2023,0,aculumado
6,Delitos contra la libertad sexual,ene-sep 2023,90,aculumado
7,Agresión sexual con penetración,ene-sep 2023,31,aculumado
8,Resto de delitos contra la libertad sexual,ene-sep 2023,59,aculumado
9,Robos con violencia e intimidación,ene-sep 2023,998,aculumado
10,Robos con fuerza en domicilios# establecimientos y otras instalaciones,ene-sep 2023,440,aculumado
11,Robos con fuerza en domicilios,ene-sep 2023,290,aculumado
12,Hurtos,ene-sep 2023,2992,aculumado
13,Sustracciones de vehículos,ene-sep 2023,178,aculumado
14,Tráfico de drogas,ene-sep 2023,47,aculumado
15,Resto de criminalidad convencional,ene-sep 2023,3951,aculumado
16,CIBERCRIMINALIDAD (infracciones penales cometidas en/por medio ciber),ene-sep 2023,1649,aculumado
17,Estafas informáticas,ene-sep 2023,1611,aculumado
18,Otros ciberdelitos,ene-sep 2023,38,aculumado
19,TOTAL INFRACCIONES PENALES,ene-sep 2023,10453,aculumado
1,CRIMINALIDAD CONVENCIONAL,ene-sep 2024,9669,aculumado
2,Homicidios dolosos y asesinatos consumados,ene-sep 2024,2,aculumado
3,Homicidios dolosos y asesinatos en grado tentativa,ene-sep 2024,12,aculumado
4,Delitos graves y menos graves de lesiones y riña tumultuaria,ene-sep 2024,121,aculumado
5,Secuestro,ene-sep 2024,0,aculumado
6,Delitos contra la libertad sexual,ene-sep 2024,75,aculumado
7,Agresión sexual con penetración,ene-sep 2024,36,aculumado
8,Resto de delitos contra la libertad sexual,ene-sep 2024,39,aculumado
9,Robos con violencia e intimidación,ene-sep 2024,1041,aculumado
10,Robos con fuerza en domicilios# establecimientos y otras instalaciones,ene-sep 2024,550,aculumado
11,Robos con fuerza en domicilios,ene-sep 2024,398,aculumado
12,Hurtos,ene-sep 2024,2852,aculumado
13,Sustracciones de vehículos,ene-sep 2024,177,aculumado
14,Tráfico de drogas,ene-sep 2024,66,aculumado
15,Resto de criminalidad convencional,ene-sep 2024,4773,aculumado
16,CIBERCRIMINALIDAD (infracciones penales cometidas en/por medio ciber),ene-sep 2024,1746,aculumado
17,Estafas informáticas,ene-sep 2024,1664,aculumado
18,Otros ciberdelitos,ene-sep 2024,82,aculumado
19,TOTAL INFRACCIONES PENALES,ene-sep 2024,11415,aculumado
1,CRIMINALIDAD CONVENCIONAL,2022-1,2920,trimestre
2,Homicidios dolosos y asesinatos consumados,2022-1,0,trimestre
3,Homicidios dolosos y asesinatos en grado tentativa,2022-1,3,trimestre
4,Delitos graves y menos graves de lesiones y riña tumultuaria,2022-1,20,trimestre
5,Secuestro,2022-1,0,trimestre
6,Delitos contra la libertad sexual,2022-1,20,trimestre
7,Agresión sexual con penetración,2022-1,10,trimestre
8,Resto de delitos contra la libertad sexual,2022-1,10,trimestre
9,Robos con violencia e intimidación,2022-1,315,trimestre
10,Robos con fuerza en domicilios# establecimientos y otras instalaciones,2022-1,277,trimestre
11,Robos con fuerza en domicilios,2022-1,145,trimestre
12,Hurtos,2022-1,899,trimestre
13,Sustracciones de vehículos,2022-1,51,trimestre
14,Tráfico de drogas,2022-1,10,trimestre
15,Resto de criminalidad convencional,2022-1,1325,trimestre
16,CIBERCRIMINALIDAD (infracciones penales cometidas en/por medio ciber),2022-1,521,trimestre
17,Estafas informáticas,2022-1,508,trimestre
18,Otros ciberdelitos,2022-1,13,trimestre
19,TOTAL INFRACCIONES PENALES,2022-1,3441,trimestre
1,CRIMINALIDAD CONVENCIONAL,2022-2,2948,trimestre
2,Homicidios dolosos y asesinatos consumados,2022-2,0,trimestre
3,Homicidios dolosos y asesinatos en grado tentativa,2022-2,0,trimestre
4,Delitos graves y menos graves de lesiones y riña tumultuaria,2022-2,37,trimestre
5,Secuestro,2022-2,0,trimestre
6,Delitos contra la libertad sexual,2022-2,23,trimestre
7,Agresión sexual con penetración,2022-2,7,trimestre
8,Resto de delitos contra la libertad sexual,2022-2,16,trimestre
9,Robos con violencia e intimidación,2022-2,350,trimestre
10,Robos con fuerza en domicilios# establecimientos y otras instalaciones,2022-2,215,trimestre
11,Robos con fuerza en domicilios,2022-2,122,trimestre
12,Hurtos,2022-2,989,trimestre
13,Sustracciones de vehículos,2022-2,51,trimestre
14,Tráfico de drogas,2022-2,16,trimestre
15,Resto de criminalidad convencional,2022-2,1267,trimestre
16,CIBERCRIMINALIDAD (infracciones penales cometidas en/por medio ciber),2022-2,434,trimestre
17,Estafas informáticas,2022-2,419,trimestre
18,Otros ciberdelitos,2022-2,15,trimestre
19,TOTAL INFRACCIONES PENALES,2022-2,3382,trimestre
1,CRIMINALIDAD CONVENCIONAL,2022-3,2947,trimestre
2,Homicidios dolosos y asesinatos consumados,2022-3,0,trimestre
3,Homicidios dolosos y asesinatos en grado tentativa,2022-3,4,trimestre
4,Delitos graves y menos graves de lesiones y riña tumultuaria,2022-3,33,trimestre
5,Secuestro,2022-3,0,trimestre
6,Delitos contra la libertad sexual,2022-3,28,trimestre
7,Agresión sexual con penetración,2022-3,12,trimestre
8,Resto de delitos contra la libertad sexual,2022-3,16,trimestre
9,Robos con violencia e intimidación,2022-3,405,trimestre
10,Robos con fuerza en domicilios# establecimientos y otras instalaciones,2022-3,179,trimestre
11,Robos con fuerza en domicilios,2022-3,109,trimestre
12,Hurtos,2022-3,1002,trimestre
13,Sustracciones de vehículos,2022-3,71,trimestre
14,Tráfico de drogas,2022-3,16,trimestre
15,Resto de criminalidad convencional,2022-3,1209,trimestre
16,CIBERCRIMINALIDAD (infracciones penales cometidas en/por medio ciber),2022-3,499,trimestre
17,Estafas informáticas,2022-3,487,trimestre
18,Otros ciberdelitos,2022-3,12,trimestre
19,TOTAL INFRACCIONES PENALES,2022-3,3446,trimestre
1,CRIMINALIDAD CONVENCIONAL,2022-4,2910,trimestre
2,Homicidios dolosos y asesinatos consumados,2022-4,1,trimestre
3,Homicidios dolosos y asesinatos en grado tentativa,2022-4,2,trimestre
4,Delitos graves y menos graves de lesiones y riña tumultuaria,2022-4,30,trimestre
5,Secuestro,2022-4,0,trimestre
6,Delitos contra la libertad sexual,2022-4,29,trimestre
7,Agresión sexual con penetración,2022-4,-3,trimestre
8,Resto de delitos contra la libertad sexual,2022-4,32,trimestre
9,Robos con violencia e intimidación,2022-4,392,trimestre
10,Robos con fuerza en domicilios# establecimientos y otras instalaciones,2022-4,169,trimestre
11,Robos con fuerza en domicilios,2022-4,91,trimestre
12,Hurtos,2022-4,935,trimestre
13,Sustracciones de vehículos,2022-4,78,trimestre
14,Tráfico de drogas,2022-4,8,trimestre
15,Resto de criminalidad convencional,2022-4,1266,trimestre
16,CIBERCRIMINALIDAD (infracciones penales cometidas en/por medio ciber),2022-4,517,trimestre
17,Estafas informáticas,2022-4,502,trimestre
18,Otros ciberdelitos,2022-4,15,trimestre
19,TOTAL INFRACCIONES PENALES,2022-4,3427,trimestre
1,CRIMINALIDAD CONVENCIONAL,2023-1,2868,trimestre
2,Homicidios dolosos y asesinatos consumados,2023-1,0,trimestre
3,Homicidios dolosos y asesinatos en grado tentativa,2023-1,2,trimestre
4,Delitos graves y menos graves de lesiones y riña tumultuaria,2023-1,23,trimestre
5,Secuestro,2023-1,0,trimestre
6,Delitos contra la libertad sexual,2023-1,25,trimestre
7,Agresión sexual con penetración,2023-1,6,trimestre
8,Resto de delitos contra la libertad sexual,2023-1,19,trimestre
9,Robos con violencia e intimidación,2023-1,374,trimestre
10,Robos con fuerza en domicilios# establecimientos y otras instalaciones,2023-1,161,trimestre
11,Robos con fuerza en domicilios,2023-1,99,trimestre
12,Hurtos,2023-1,927,trimestre
13,Sustracciones de vehículos,2023-1,56,trimestre
14,Tráfico de drogas,2023-1,20,trimestre
15,Resto de criminalidad convencional,2023-1,1280,trimestre
16,CIBERCRIMINALIDAD (infracciones penales cometidas en/por medio ciber),2023-1,490,trimestre
17,Estafas informáticas,2023-1,480,trimestre
18,Otros ciberdelitos,2023-1,10,trimestre
19,TOTAL INFRACCIONES PENALES,2023-1,3358,trimestre
1,CRIMINALIDAD CONVENCIONAL,2023-2,2919,trimestre
2,Homicidios dolosos y asesinatos consumados,2023-2,2,trimestre
3,Homicidios dolosos y asesinatos en grado tentativa,2023-2,4,trimestre
4,Delitos graves y menos graves de lesiones y riña tumultuaria,2023-2,38,trimestre
5,Secuestro,2023-2,0,trimestre
6,Delitos contra la libertad sexual,2023-2,30,trimestre
7,Agresión sexual con penetración,2023-2,11,trimestre
8,Resto de delitos contra la libertad sexual,2023-2,19,trimestre
9,Robos con violencia e intimidación,2023-2,307,trimestre
10,Robos con fuerza en domicilios# establecimientos y otras instalaciones,2023-2,158,trimestre
11,Robos con fuerza en domicilios,2023-2,103,trimestre
12,Hurtos,2023-2,1028,trimestre
13,Sustracciones de vehículos,2023-2,62,trimestre
14,Tráfico de drogas,2023-2,12,trimestre
15,Resto de criminalidad convencional,2023-2,1278,trimestre
16,CIBERCRIMINALIDAD (infracciones penales cometidas en/por medio ciber),2023-2,553,trimestre
17,Estafas informáticas,2023-2,543,trimestre
18,Otros ciberdelitos,2023-2,10,trimestre
19,TOTAL INFRACCIONES PENALES,2023-2,3472,trimestre
1,CRIMINALIDAD CONVENCIONAL,2023-3,3017,trimestre
2,Homicidios dolosos y asesinatos consumados,2023-3,0,trimestre
3,Homicidios dolosos y asesinatos en grado tentativa,2023-3,2,trimestre
4,Delitos graves y menos graves de lesiones y riña tumultuaria,2023-3,37,trimestre
5,Secuestro,2023-3,0,trimestre
6,Delitos contra la libertad sexual,2023-3,35,trimestre
7,Agresión sexual con penetración,2023-3,14,trimestre
8,Resto de delitos contra la libertad sexual,2023-3,21,trimestre
9,Robos con violencia e intimidación,2023-3,317,trimestre
10,Robos con fuerza en domicilios# establecimientos y otras instalaciones,2023-3,121,trimestre
11,Robos con fuerza en domicilios,2023-3,88,trimestre
12,Hurtos,2023-3,1037,trimestre
13,Sustracciones de vehículos,2023-3,60,trimestre
14,Tráfico de drogas,2023-3,15,trimestre
15,Resto de criminalidad convencional,2023-3,1393,trimestre
16,CIBERCRIMINALIDAD (infracciones penales cometidas en/por medio ciber),2023-3,606,trimestre
17,Estafas informáticas,2023-3,588,trimestre
18,Otros ciberdelitos,2023-3,18,trimestre
19,TOTAL INFRACCIONES PENALES,2023-3,3623,trimestre
1,CRIMINALIDAD CONVENCIONAL,2023-4,3077,trimestre
2,Homicidios dolosos y asesinatos consumados,2023-4,1,trimestre
3,Homicidios dolosos y asesinatos en grado tentativa,2023-4,2,trimestre
4,Delitos graves y menos graves de lesiones y riña tumultuaria,2023-4,35,trimestre
5,Secuestro,2023-4,1,trimestre
6,Delitos contra la libertad sexual,2023-4,19,trimestre
7,Agresión sexual con penetración,2023-4,6,trimestre
8,Resto de delitos contra la libertad sexual,2023-4,13,trimestre
9,Robos con violencia e intimidación,2023-4,375,trimestre
10,Robos con fuerza en domicilios# establecimientos y otras instalaciones,2023-4,102,trimestre
11,Robos con fuerza en domicilios,2023-4,54,trimestre
12,Hurtos,2023-4,977,trimestre
13,Sustracciones de vehículos,2023-4,55,trimestre
14,Tráfico de drogas,2023-4,28,trimestre
15,Resto de criminalidad convencional,2023-4,1482,trimestre
16,CIBERCRIMINALIDAD (infracciones penales cometidas en/por medio ciber),2023-4,626,trimestre
17,Estafas informáticas,2023-4,613,trimestre
18,Otros ciberdelitos,2023-4,13,trimestre
19,TOTAL INFRACCIONES PENALES,2023-4,3703,trimestre
1,CRIMINALIDAD CONVENCIONAL,2024-1,3249,trimestre
2,Homicidios dolosos y asesinatos consumados,2024-1,0,trimestre
3,Homicidios dolosos y asesinatos en grado tentativa,2024-1,3,trimestre
4,Delitos graves y menos graves de lesiones y riña tumultuaria,2024-1,33,trimestre
5,Secuestro,2024-1,0,trimestre
6,Delitos contra la libertad sexual,2024-1,21,trimestre
7,Agresión sexual con penetración,2024-1,10,trimestre
8,Resto de delitos contra la libertad sexual,2024-1,11,trimestre
9,Robos con violencia e intimidación,2024-1,405,trimestre
10,Robos con fuerza en domicilios# establecimientos y otras instalaciones,2024-1,179,trimestre
11,Robos con fuerza en domicilios,2024-1,112,trimestre
12,Hurtos,2024-1,916,trimestre
13,Sustracciones de vehículos,2024-1,54,trimestre
14,Tráfico de drogas,2024-1,24,trimestre
15,Resto de criminalidad convencional,2024-1,1614,trimestre
16,CIBERCRIMINALIDAD (infracciones penales cometidas en/por medio ciber),2024-1,637,trimestre
17,Estafas informáticas,2024-1,615,trimestre
18,Otros ciberdelitos,2024-1,22,trimestre
19,TOTAL INFRACCIONES PENALES,2024-1,3886,trimestre
1,CRIMINALIDAD CONVENCIONAL,2024-2,3145,trimestre
2,Homicidios dolosos y asesinatos consumados,2024-2,1,trimestre
3,Homicidios dolosos y asesinatos en grado tentativa,2024-2,3,trimestre
4,Delitos graves y menos graves de lesiones y riña tumultuaria,2024-2,35,trimestre
5,Secuestro,2024-2,0,trimestre
6,Delitos contra la libertad sexual,2024-2,20,trimestre
7,Agresión sexual con penetración,2024-2,7,trimestre
8,Resto de delitos contra la libertad sexual,2024-2,13,trimestre
9,Robos con violencia e intimidación,2024-2,315,trimestre
10,Robos con fuerza en domicilios# establecimientos y otras instalaciones,2024-2,173,trimestre
11,Robos con fuerza en domicilios,2024-2,117,trimestre
12,Hurtos,2024-2,983,trimestre
13,Sustracciones de vehículos,2024-2,55,trimestre
14,Tráfico de drogas,2024-2,23,trimestre
15,Resto de criminalidad convencional,2024-2,1537,trimestre
16,CIBERCRIMINALIDAD (infracciones penales cometidas en/por medio ciber),2024-2,581,trimestre
17,Estafas informáticas,2024-2,542,trimestre
18,Otros ciberdelitos,2024-2,39,trimestre
19,TOTAL INFRACCIONES PENALES,2024-2,3726,trimestre
1,CRIMINALIDAD CONVENCIONAL,2024-3,3275,trimestre
2,Homicidios dolosos y asesinatos consumados,2024-3,1,trimestre
3,Homicidios dolosos y asesinatos en grado tentativa,2024-3,6,trimestre
4,Delitos graves y menos graves de lesiones y riña tumultuaria,2024-3,53,trimestre
5,Secuestro,2024-3,0,trimestre
6,Delitos contra la libertad sexual,2024-3,34,trimestre
7,Agresión sexual con penetración,2024-3,19,trimestre
8,Resto de delitos contra la libertad sexual,2024-3,15,trimestre
9,Robos con violencia e intimidación,2024-3,321,trimestre
10,Robos con fuerza en domicilios# establecimientos y otras instalaciones,2024-3,198,trimestre
11,Robos con fuerza en domicilios,2024-3,169,trimestre
12,Hurtos,2024-3,953,trimestre
13,Sustracciones de vehículos,2024-3,68,trimestre
14,Tráfico de drogas,2024-3,19,trimestre
15,Resto de criminalidad convencional,2024-3,1622,trimestre
16,CIBERCRIMINALIDAD (infracciones penales cometidas en/por medio ciber),2024-3,528,trimestre
17,Estafas informáticas,2024-3,507,trimestre
18,Otros ciberdelitos,2024-3,21,trimestre
19,TOTAL INFRACCIONES PENALES,2024-3,3803,trimestre