geo,tipo,año,trimestre,valor
08015 Badalona,1. Homicidios dolosos y asesinatos consumados,2022,T1,0.0
08015 Badalona,1. Homicidios dolosos y asesinatos consumados,2023,T1,0.0
08015 Badalona,1. Homicidios dolosos y asesinatos consumados,2024,T1,0.0
08015 Badalona,1. Homicidios dolosos y asesinatos consumados,2025,T1,2.0
08015 Badalona,1.-DELITOS Y FALTAS (EU),2015,T1,2778.0
08015 Badalona,1.-DELITOS Y FALTAS (EU),2016,T1,2617.0
08015 Badalona,1.-Homicidios dolosos y asesinatos consumados,2016,T1,1.0
08015 Badalona,1.-Homicidios dolosos y asesinatos consumados,2017,T1,1.0
08015 Badalona,1.-Homicidios dolosos y asesinatos consumados,2018,T1,0.0
08015 Badalona,1.-Homicidios dolosos y asesinatos consumados,2019,T1,2.0
08015 Badalona,1.-Homicidios dolosos y asesinatos consumados,2020,T1,0.0
08015 Badalona,1.-Homicidios dolosos y asesinatos consumados,2021,T1,1.0
08015 Badalona,1.-Homicidios dolosos y asesinatos consumados,2022,T1,0.0
08015 Badalona,10. Tráfico de drogas,2022,T1,10.0
08015 Badalona,10. Tráfico de drogas,2023,T1,40.0
08015 Badalona,10. Tráfico de drogas,2024,T1,24.0
08015 Badalona,10. Tráfico de drogas,2025,T1,27.0
08015 Badalona,10.-Tráfico de drogas,2016,T1,8.0
08015 Badalona,10.-Tráfico de drogas,2017,T1,8.0
08015 Badalona,10.-Tráfico de drogas,2018,T1,17.0
08015 Badalona,10.-Tráfico de drogas,2019,T1,7.0
08015 Badalona,10.-Tráfico de drogas,2020,T1,18.0
08015 Badalona,10.-Tráfico de drogas,2021,T1,17.0
08015 Badalona,10.-Tráfico de drogas,2022,T1,9.0
08015 Badalona,11. Resto de criminalidad convencional,2022,T1,1325.0
08015 Badalona,11. Resto de criminalidad convencional,2023,T1,2560.0
08015 Badalona,11. Resto de criminalidad convencional,2024,T1,1606.0
08015 Badalona,11. Resto de criminalidad convencional,2025,T1,1640.0
08015 Badalona,12.-Estafas informáticas,2022,T1,508.0
08015 Badalona,12.-Estafas informáticas,2023,T1,962.0
08015 Badalona,12.-Estafas informáticas,2024,T1,626.0
08015 Badalona,12.-Estafas informáticas,2025,T1,467.0
08015 Badalona,13.-Otros ciberdelitos,2022,T1,13.0
08015 Badalona,13.-Otros ciberdelitos,2023,T1,19.0
08015 Badalona,13.-Otros ciberdelitos,2024,T1,22.0
08015 Badalona,13.-Otros ciberdelitos,2025,T1,50.0
08015 Badalona,2. Homicidios dolosos y asesinatos en grado tentativa,2022,T1,3.0
08015 Badalona,2. Homicidios dolosos y asesinatos en grado tentativa,2023,T1,4.0
08015 Badalona,2. Homicidios dolosos y asesinatos en grado tentativa,2024,T1,3.0
08015 Badalona,2. Homicidios dolosos y asesinatos en grado tentativa,2025,T1,5.0
08015 Badalona,2.-HOMICIDIOS DOLOSOS Y ASESINATOS CONSUMADOS (EU),2015,T1,0.0
08015 Badalona,2.-HOMICIDIOS DOLOSOS Y ASESINATOS CONSUMADOS (EU),2016,T1,1.0
08015 Badalona,2.-Homicidios dolosos y asesinatos en grado tentativa,2016,T1,2.0
08015 Badalona,2.-Homicidios dolosos y asesinatos en grado tentativa,2017,T1,0.0
08015 Badalona,2.-Homicidios dolosos y asesinatos en grado tentativa,2018,T1,2.0
08015 Badalona,2.-Homicidios dolosos y asesinatos en grado tentativa,2019,T1,1.0
08015 Badalona,2.-Homicidios dolosos y asesinatos en grado tentativa,2020,T1,1.0
08015 Badalona,2.-Homicidios dolosos y asesinatos en grado tentativa,2021,T1,1.0
08015 Badalona,2.-Homicidios dolosos y asesinatos en grado tentativa,2022,T1,3.0
08015 Badalona,3. Delitos graves y menos graves de lesiones y riña tumultuaria,2022,T1,20.0
08015 Badalona,3. Delitos graves y menos graves de lesiones y riña tumultuaria,2023,T1,46.0
08015 Badalona,3. Delitos graves y menos graves de lesiones y riña tumultuaria,2024,T1,33.0
08015 Badalona,3. Delitos graves y menos graves de lesiones y riña tumultuaria,2025,T1,23.0
08015 Badalona,3.-Delitos graves y menos graves de lesiones y riña tumultuaria,2016,T1,1.0
08015 Badalona,3.-Delitos graves y menos graves de lesiones y riña tumultuaria,2017,T1,83.0
08015 Badalona,3.-Delitos graves y menos graves de lesiones y riña tumultuaria,2018,T1,94.0
08015 Badalona,3.-Delitos graves y menos graves de lesiones y riña tumultuaria,2019,T1,73.0
08015 Badalona,3.-Delitos graves y menos graves de lesiones y riña tumultuaria,2020,T1,92.0
08015 Badalona,3.-Delitos graves y menos graves de lesiones y riña tumultuaria,2021,T1,20.0
08015 Badalona,3.-Delitos graves y menos graves de lesiones y riña tumultuaria,2022,T1,20.0
08015 Badalona,3.-ROBO CON VIOLENCIA E INTIMIDACIÓN (EU),2015,T1,359.0
08015 Badalona,3.-ROBO CON VIOLENCIA E INTIMIDACIÓN (EU),2016,T1,293.0
08015 Badalona,4. Secuestro,2022,T1,0.0
08015 Badalona,4. Secuestro,2023,T1,0.0
08015 Badalona,4. Secuestro,2024,T1,0.0
08015 Badalona,4. Secuestro,2025,T1,0.0
08015 Badalona,4.-ROBOS CON FUERZA EN DOMICILIOS (EU),2015,T1,94.0
08015 Badalona,4.-ROBOS CON FUERZA EN DOMICILIOS (EU),2016,T1,134.0
08015 Badalona,4.-Secuestro,2016,T1,0.0
08015 Badalona,4.-Secuestro,2017,T1,0.0
08015 Badalona,4.-Secuestro,2018,T1,0.0
08015 Badalona,4.-Secuestro,2019,T1,0.0
08015 Badalona,4.-Secuestro,2020,T1,0.0
08015 Badalona,4.-Secuestro,2021,T1,0.0
08015 Badalona,4.-Secuestro,2022,T1,0.0
08015 Badalona,5. Delitos contra la libertad sexual,2022,T1,20.0
08015 Badalona,5. Delitos contra la libertad sexual,2023,T1,50.0
08015 Badalona,5. Delitos contra la libertad sexual,2024,T1,21.0
08015 Badalona,5. Delitos contra la libertad sexual,2025,T1,27.0
08015 Badalona,5.-Delitos contra la libertad e indemnidad sexual,2016,T1,14.0
08015 Badalona,5.-Delitos contra la libertad e indemnidad sexual,2017,T1,11.0
08015 Badalona,5.-Delitos contra la libertad e indemnidad sexual,2018,T1,16.0
08015 Badalona,5.-Delitos contra la libertad e indemnidad sexual,2019,T1,20.0
08015 Badalona,5.-Delitos contra la libertad e indemnidad sexual,2020,T1,30.0
08015 Badalona,5.-Delitos contra la libertad e indemnidad sexual,2021,T1,21.0
08015 Badalona,5.-Delitos contra la libertad e indemnidad sexual,2022,T1,20.0
08015 Badalona,5.-SUSTRACCIÓN VEHÍCULOS A MOTOR (EU),2015,T1,59.0
08015 Badalona,5.-SUSTRACCIÓN VEHÍCULOS A MOTOR (EU),2016,T1,58.0
08015 Badalona,5.1.-Agresión sexual con penetración,2016,T1,3.0
08015 Badalona,5.1.-Agresión sexual con penetración,2017,T1,1.0
08015 Badalona,5.1.-Agresión sexual con penetración,2018,T1,3.0
08015 Badalona,5.1.-Agresión sexual con penetración,2019,T1,4.0
08015 Badalona,5.1.-Agresión sexual con penetración,2020,T1,5.0
08015 Badalona,5.1.-Agresión sexual con penetración,2021,T1,1.0
08015 Badalona,5.1.-Agresión sexual con penetración,2022,T1,10.0
08015 Badalona,5.1.-Agresión sexual con penetración,2023,T1,12.0
08015 Badalona,5.1.-Agresión sexual con penetración,2024,T1,10.0
08015 Badalona,5.1.-Agresión sexual con penetración,2025,T1,13.0
08015 Badalona,5.2.-Resto de delitos contra la libertad e indemnidad sexual,2016,T1,11.0
08015 Badalona,5.2.-Resto de delitos contra la libertad e indemnidad sexual,2017,T1,10.0
08015 Badalona,5.2.-Resto de delitos contra la libertad e indemnidad sexual,2018,T1,13.0
08015 Badalona,5.2.-Resto de delitos contra la libertad e indemnidad sexual,2019,T1,16.0
08015 Badalona,5.2.-Resto de delitos contra la libertad e indemnidad sexual,2020,T1,25.0
08015 Badalona,5.2.-Resto de delitos contra la libertad e indemnidad sexual,2021,T1,20.0
08015 Badalona,5.2.-Resto de delitos contra la libertad e indemnidad sexual,2022,T1,15.0
08015 Badalona,5.2.-Resto de delitos contra la libertad sexual,2022,T1,10.0
08015 Badalona,5.2.-Resto de delitos contra la libertad sexual,2023,T1,38.0
08015 Badalona,5.2.-Resto de delitos contra la libertad sexual,2024,T1,11.0
08015 Badalona,5.2.-Resto de delitos contra la libertad sexual,2025,T1,14.0
08015 Badalona,6. Robos con violencia e intimidación,2022,T1,315.0
08015 Badalona,6. Robos con violencia e intimidación,2023,T1,748.0
08015 Badalona,6. Robos con violencia e intimidación,2024,T1,405.0
08015 Badalona,6. Robos con violencia e intimidación,2025,T1,312.0
08015 Badalona,6.-Robos con violencia e intimidación,2016,T1,293.0
08015 Badalona,6.-Robos con violencia e intimidación,2017,T1,384.0
08015 Badalona,6.-Robos con violencia e intimidación,2018,T1,325.0
08015 Badalona,6.-Robos con violencia e intimidación,2019,T1,342.0
08015 Badalona,6.-Robos con violencia e intimidación,2020,T1,659.0
08015 Badalona,6.-Robos con violencia e intimidación,2021,T1,297.0
08015 Badalona,6.-Robos con violencia e intimidación,2022,T1,315.0
08015 Badalona,6.-TRÁFICO DE DROGAS (EU),2015,T1,11.0
08015 Badalona,6.-TRÁFICO DE DROGAS (EU),2016,T1,8.0
08015 Badalona,"7. Robos con fuerza en domicilios, establecimientos y otras instalaciones",2022,T1,277.0
08015 Badalona,"7. Robos con fuerza en domicilios, establecimientos y otras instalaciones",2023,T1,322.0
08015 Badalona,"7. Robos con fuerza en domicilios, establecimientos y otras instalaciones",2024,T1,179.0
08015 Badalona,"7. Robos con fuerza en domicilios, establecimientos y otras instalaciones",2025,T1,108.0
08015 Badalona,"7.- Robos con fuerza en domicilios, establecimientos y otras instalaciones",2016,T1,162.0
08015 Badalona,"7.- Robos con fuerza en domicilios, establecimientos y otras instalaciones",2017,T1,129.0
08015 Badalona,"7.- Robos con fuerza en domicilios, establecimientos y otras instalaciones",2018,T1,142.0
08015 Badalona,"7.- Robos con fuerza en domicilios, establecimientos y otras instalaciones",2019,T1,409.0
08015 Badalona,"7.- Robos con fuerza en domicilios, establecimientos y otras instalaciones",2020,T1,563.0
08015 Badalona,"7.- Robos con fuerza en domicilios, establecimientos y otras instalaciones",2021,T1,100.0
08015 Badalona,"7.- Robos con fuerza en domicilios, establecimientos y otras instalaciones",2022,T1,277.0
08015 Badalona,7.-DAÑOS,2015,T1,281.0
08015 Badalona,7.-DAÑOS,2016,T1,277.0
08015 Badalona,7.1.-Robos con fuerza en domicilios,2016,T1,134.0
08015 Badalona,7.1.-Robos con fuerza en domicilios,2017,T1,93.0
08015 Badalona,7.1.-Robos con fuerza en domicilios,2018,T1,99.0
08015 Badalona,7.1.-Robos con fuerza en domicilios,2019,T1,79.0
08015 Badalona,7.1.-Robos con fuerza en domicilios,2020,T1,165.0
08015 Badalona,7.1.-Robos con fuerza en domicilios,2021,T1,60.0
08015 Badalona,7.1.-Robos con fuerza en domicilios,2022,T1,145.0
08015 Badalona,7.1.-Robos con fuerza en domicilios,2023,T1,198.0
08015 Badalona,7.1.-Robos con fuerza en domicilios,2024,T1,112.0
08015 Badalona,7.1.-Robos con fuerza en domicilios,2025,T1,73.0
08015 Badalona,8. Hurtos,2022,T1,899.0
08015 Badalona,8. Hurtos,2023,T1,1854.0
08015 Badalona,8. Hurtos,2024,T1,916.0
08015 Badalona,8. Hurtos,2025,T1,1048.0
08015 Badalona,8.-HURTOS,2015,T1,940.0
08015 Badalona,8.-HURTOS,2016,T1,761.0
08015 Badalona,8.-Hurtos,2016,T1,761.0
08015 Badalona,8.-Hurtos,2017,T1,862.0
08015 Badalona,8.-Hurtos,2018,T1,913.0
08015 Badalona,8.-Hurtos,2019,T1,816.0
08015 Badalona,8.-Hurtos,2020,T1,1646.0
08015 Badalona,8.-Hurtos,2021,T1,812.0
08015 Badalona,8.-Hurtos,2022,T1,899.0
08015 Badalona,9. Sustracciones de vehículos,2022,T1,51.0
08015 Badalona,9. Sustracciones de vehículos,2023,T1,113.0
08015 Badalona,9. Sustracciones de vehículos,2024,T1,54.0
08015 Badalona,9. Sustracciones de vehículos,2025,T1,46.0
08015 Badalona,9.-Sustracciones de vehículos,2016,T1,57.0
08015 Badalona,9.-Sustracciones de vehículos,2017,T1,68.0
08015 Badalona,9.-Sustracciones de vehículos,2018,T1,66.0
08015 Badalona,9.-Sustracciones de vehículos,2019,T1,69.0
08015 Badalona,9.-Sustracciones de vehículos,2020,T1,70.0
08015 Badalona,9.-Sustracciones de vehículos,2021,T1,39.0
08015 Badalona,9.-Sustracciones de vehículos,2022,T1,51.0
08015 Badalona,I. CRIMINALIDAD CONVENCIONAL,2022,T1,2920.0
08015 Badalona,I. CRIMINALIDAD CONVENCIONAL,2023,T1,5737.0
08015 Badalona,I. CRIMINALIDAD CONVENCIONAL,2024,T1,3241.0
08015 Badalona,I. CRIMINALIDAD CONVENCIONAL,2025,T1,3238.0
08015 Badalona,II. CIBERCRIMINALIDAD (infracciones penales cometidas en/por medio ciber),2022,T1,521.0
08015 Badalona,II. CIBERCRIMINALIDAD (infracciones penales cometidas en/por medio ciber),2023,T1,981.0
08015 Badalona,II. CIBERCRIMINALIDAD (infracciones penales cometidas en/por medio ciber),2024,T1,648.0
08015 Badalona,II. CIBERCRIMINALIDAD (infracciones penales cometidas en/por medio ciber),2025,T1,517.0
08015 Badalona,III. TOTAL INFRACCIONES PENALES,2022,T1,3441.0
08015 Badalona,III. TOTAL INFRACCIONES PENALES,2023,T1,6718.0
08015 Badalona,III. TOTAL INFRACCIONES PENALES,2024,T1,3889.0
08015 Badalona,III. TOTAL INFRACCIONES PENALES,2025,T1,3755.0
08015 Badalona,Resto de infracciones penales,2018,T1,1453.0
08015 Badalona,Resto de infracciones penales,2019,T1,1146.0
08015 Badalona,Resto de infracciones penales,2020,T1,2465.0
08015 Badalona,Resto de infracciones penales,2021,T1,1560.0
08015 Badalona,Resto de infracciones penales,2022,T1,1848.0
08015 Badalona,TOTAL INFRACCIONES PENALES,2016,T1,2618.0
08015 Badalona,TOTAL INFRACCIONES PENALES,2017,T1,2873.0
08015 Badalona,TOTAL INFRACCIONES PENALES,2018,T1,3028.0
08015 Badalona,TOTAL INFRACCIONES PENALES,2019,T1,2885.0
08015 Badalona,TOTAL INFRACCIONES PENALES,2020,T1,5544.0
08015 Badalona,TOTAL INFRACCIONES PENALES,2021,T1,2868.0
08015 Badalona,TOTAL INFRACCIONES PENALES,2022,T1,3442.0
08015 Badalona,1. Homicidios dolosos y asesinatos consumados,2022,T2,0.0
08015 Badalona,1. Homicidios dolosos y asesinatos consumados,2023,T2,4.0
08015 Badalona,1. Homicidios dolosos y asesinatos consumados,2024,T2,1.0
08015 Badalona,1. Homicidios dolosos y asesinatos consumados,2025,T2,1.0
08015 Badalona,1.-DELITOS Y FALTAS (EU),2015,T2,2857.0
08015 Badalona,1.-DELITOS Y FALTAS (EU),2016,T2,2745.0
08015 Badalona,1.-Homicidios dolosos y asesinatos consumados,2016,T2,1.0
08015 Badalona,1.-Homicidios dolosos y asesinatos consumados,2017,T2,-1.0
08015 Badalona,1.-Homicidios dolosos y asesinatos consumados,2018,T2,1.0
08015 Badalona,1.-Homicidios dolosos y asesinatos consumados,2019,T2,0.0
08015 Badalona,1.-Homicidios dolosos y asesinatos consumados,2020,T2,0.0
08015 Badalona,1.-Homicidios dolosos y asesinatos consumados,2021,T2,0.0
08015 Badalona,1.-Homicidios dolosos y asesinatos consumados,2022,T2,0.0
08015 Badalona,10. Tráfico de drogas,2022,T2,16.0
08015 Badalona,10. Tráfico de drogas,2023,T2,24.0
08015 Badalona,10. Tráfico de drogas,2024,T2,23.0
08015 Badalona,10. Tráfico de drogas,2025,T2,22.0
08015 Badalona,10.-Tráfico de drogas,2016,T2,17.0
08015 Badalona,10.-Tráfico de drogas,2017,T2,12.0
08015 Badalona,10.-Tráfico de drogas,2018,T2,7.0
08015 Badalona,10.-Tráfico de drogas,2019,T2,16.0
08015 Badalona,10.-Tráfico de drogas,2020,T2,22.0
08015 Badalona,10.-Tráfico de drogas,2021,T2,19.0
08015 Badalona,10.-Tráfico de drogas,2022,T2,16.0
08015 Badalona,11. Resto de criminalidad convencional,2022,T2,1267.0
08015 Badalona,11. Resto de criminalidad convencional,2023,T2,2553.0
08015 Badalona,11. Resto de criminalidad convencional,2024,T2,1546.0
08015 Badalona,11. Resto de criminalidad convencional,2025,T2,1728.0
08015 Badalona,12.-Estafas informáticas,2022,T2,419.0
08015 Badalona,12.-Estafas informáticas,2023,T2,1088.0
08015 Badalona,12.-Estafas informáticas,2024,T2,541.0
08015 Badalona,12.-Estafas informáticas,2025,T2,424.0
08015 Badalona,13.-Otros ciberdelitos,2022,T2,15.0
08015 Badalona,13.-Otros ciberdelitos,2023,T2,26.0
08015 Badalona,13.-Otros ciberdelitos,2024,T2,39.0
08015 Badalona,13.-Otros ciberdelitos,2025,T2,53.0
08015 Badalona,2. Homicidios dolosos y asesinatos en grado tentativa,2022,T2,0.0
08015 Badalona,2. Homicidios dolosos y asesinatos en grado tentativa,2023,T2,8.0
08015 Badalona,2. Homicidios dolosos y asesinatos en grado tentativa,2024,T2,3.0
08015 Badalona,2. Homicidios dolosos y asesinatos en grado tentativa,2025,T2,3.0
08015 Badalona,2.-HOMICIDIOS DOLOSOS Y ASESINATOS CONSUMADOS (EU),2015,T2,0.0
08015 Badalona,2.-HOMICIDIOS DOLOSOS Y ASESINATOS CONSUMADOS (EU),2016,T2,1.0
08015 Badalona,2.-Homicidios dolosos y asesinatos en grado tentativa,2016,T2,1.0
08015 Badalona,2.-Homicidios dolosos y asesinatos en grado tentativa,2017,T2,5.0
08015 Badalona,2.-Homicidios dolosos y asesinatos en grado tentativa,2018,T2,1.0
08015 Badalona,2.-Homicidios dolosos y asesinatos en grado tentativa,2019,T2,3.0
08015 Badalona,2.-Homicidios dolosos y asesinatos en grado tentativa,2020,T2,7.0
08015 Badalona,2.-Homicidios dolosos y asesinatos en grado tentativa,2021,T2,0.0
08015 Badalona,2.-Homicidios dolosos y asesinatos en grado tentativa,2022,T2,0.0
08015 Badalona,3. Delitos graves y menos graves de lesiones y riña tumultuaria,2022,T2,37.0
08015 Badalona,3. Delitos graves y menos graves de lesiones y riña tumultuaria,2023,T2,76.0
08015 Badalona,3. Delitos graves y menos graves de lesiones y riña tumultuaria,2024,T2,35.0
08015 Badalona,3. Delitos graves y menos graves de lesiones y riña tumultuaria,2025,T2,25.0
08015 Badalona,3.-Delitos graves y menos graves de lesiones y riña tumultuaria,2016,T2,0.0
08015 Badalona,3.-Delitos graves y menos graves de lesiones y riña tumultuaria,2017,T2,109.0
08015 Badalona,3.-Delitos graves y menos graves de lesiones y riña tumultuaria,2018,T2,95.0
08015 Badalona,3.-Delitos graves y menos graves de lesiones y riña tumultuaria,2019,T2,113.0
08015 Badalona,3.-Delitos graves y menos graves de lesiones y riña tumultuaria,2020,T2,99.0
08015 Badalona,3.-Delitos graves y menos graves de lesiones y riña tumultuaria,2021,T2,34.0
08015 Badalona,3.-Delitos graves y menos graves de lesiones y riña tumultuaria,2022,T2,37.0
08015 Badalona,3.-ROBO CON VIOLENCIA E INTIMIDACIÓN (EU),2015,T2,362.0
08015 Badalona,3.-ROBO CON VIOLENCIA E INTIMIDACIÓN (EU),2016,T2,308.0
08015 Badalona,4. Secuestro,2022,T2,0.0
08015 Badalona,4. Secuestro,2023,T2,0.0
08015 Badalona,4. Secuestro,2024,T2,0.0
08015 Badalona,4. Secuestro,2025,T2,0.0
08015 Badalona,4.-ROBOS CON FUERZA EN DOMICILIOS (EU),2015,T2,116.0
08015 Badalona,4.-ROBOS CON FUERZA EN DOMICILIOS (EU),2016,T2,101.0
08015 Badalona,4.-Secuestro,2016,T2,0.0
08015 Badalona,4.-Secuestro,2017,T2,0.0
08015 Badalona,4.-Secuestro,2018,T2,0.0
08015 Badalona,4.-Secuestro,2019,T2,0.0
08015 Badalona,4.-Secuestro,2020,T2,0.0
08015 Badalona,4.-Secuestro,2021,T2,0.0
08015 Badalona,4.-Secuestro,2022,T2,0.0
08015 Badalona,5. Delitos contra la libertad sexual,2022,T2,23.0
08015 Badalona,5. Delitos contra la libertad sexual,2023,T2,60.0
08015 Badalona,5. Delitos contra la libertad sexual,2024,T2,20.0
08015 Badalona,5. Delitos contra la libertad sexual,2025,T2,30.0
08015 Badalona,5.-Delitos contra la libertad e indemnidad sexual,2016,T2,14.0
08015 Badalona,5.-Delitos contra la libertad e indemnidad sexual,2017,T2,20.0
08015 Badalona,5.-Delitos contra la libertad e indemnidad sexual,2018,T2,15.0
08015 Badalona,5.-Delitos contra la libertad e indemnidad sexual,2019,T2,20.0
08015 Badalona,5.-Delitos contra la libertad e indemnidad sexual,2020,T2,21.0
08015 Badalona,5.-Delitos contra la libertad e indemnidad sexual,2021,T2,27.0
08015 Badalona,5.-Delitos contra la libertad e indemnidad sexual,2022,T2,24.0
08015 Badalona,5.-SUSTRACCIÓN VEHÍCULOS A MOTOR (EU),2015,T2,60.0
08015 Badalona,5.-SUSTRACCIÓN VEHÍCULOS A MOTOR (EU),2016,T2,60.0
08015 Badalona,5.1.-Agresión sexual con penetración,2016,T2,5.0
08015 Badalona,5.1.-Agresión sexual con penetración,2017,T2,6.0
08015 Badalona,5.1.-Agresión sexual con penetración,2018,T2,5.0
08015 Badalona,5.1.-Agresión sexual con penetración,2019,T2,4.0
08015 Badalona,5.1.-Agresión sexual con penetración,2020,T2,3.0
08015 Badalona,5.1.-Agresión sexual con penetración,2021,T2,4.0
08015 Badalona,5.1.-Agresión sexual con penetración,2022,T2,7.0
08015 Badalona,5.1.-Agresión sexual con penetración,2023,T2,22.0
08015 Badalona,5.1.-Agresión sexual con penetración,2024,T2,7.0
08015 Badalona,5.1.-Agresión sexual con penetración,2025,T2,15.0
08015 Badalona,5.2.-Resto de delitos contra la libertad e indemnidad sexual,2016,T2,9.0
08015 Badalona,5.2.-Resto de delitos contra la libertad e indemnidad sexual,2017,T2,14.0
08015 Badalona,5.2.-Resto de delitos contra la libertad e indemnidad sexual,2018,T2,10.0
08015 Badalona,5.2.-Resto de delitos contra la libertad e indemnidad sexual,2019,T2,16.0
08015 Badalona,5.2.-Resto de delitos contra la libertad e indemnidad sexual,2020,T2,18.0
08015 Badalona,5.2.-Resto de delitos contra la libertad e indemnidad sexual,2021,T2,23.0
08015 Badalona,5.2.-Resto de delitos contra la libertad e indemnidad sexual,2022,T2,19.0
08015 Badalona,5.2.-Resto de delitos contra la libertad sexual,2022,T2,16.0
08015 Badalona,5.2.-Resto de delitos contra la libertad sexual,2023,T2,38.0
08015 Badalona,5.2.-Resto de delitos contra la libertad sexual,2024,T2,13.0
08015 Badalona,5.2.-Resto de delitos contra la libertad sexual,2025,T2,15.0
08015 Badalona,6. Robos con violencia e intimidación,2022,T2,350.0
08015 Badalona,6. Robos con violencia e intimidación,2023,T2,614.0
08015 Badalona,6. Robos con violencia e intimidación,2024,T2,315.0
08015 Badalona,6. Robos con violencia e intimidación,2025,T2,341.0
08015 Badalona,6.-Robos con violencia e intimidación,2016,T2,308.0
08015 Badalona,6.-Robos con violencia e intimidación,2017,T2,323.0
08015 Badalona,6.-Robos con violencia e intimidación,2018,T2,327.0
08015 Badalona,6.-Robos con violencia e intimidación,2019,T2,377.0
08015 Badalona,6.-Robos con violencia e intimidación,2020,T2,456.0
08015 Badalona,6.-Robos con violencia e intimidación,2021,T2,267.0
08015 Badalona,6.-Robos con violencia e intimidación,2022,T2,350.0
08015 Badalona,6.-TRÁFICO DE DROGAS (EU),2015,T2,11.0
08015 Badalona,6.-TRÁFICO DE DROGAS (EU),2016,T2,16.0
08015 Badalona,"7. Robos con fuerza en domicilios, establecimientos y otras instalaciones",2022,T2,215.0
08015 Badalona,"7. Robos con fuerza en domicilios, establecimientos y otras instalaciones",2023,T2,316.0
08015 Badalona,"7. Robos con fuerza en domicilios, establecimientos y otras instalaciones",2024,T2,173.0
08015 Badalona,"7. Robos con fuerza en domicilios, establecimientos y otras instalaciones",2025,T2,85.0
08015 Badalona,"7.- Robos con fuerza en domicilios, establecimientos y otras instalaciones",2016,T2,141.0
08015 Badalona,"7.- Robos con fuerza en domicilios, establecimientos y otras instalaciones",2017,T2,144.0
08015 Badalona,"7.- Robos con fuerza en domicilios, establecimientos y otras instalaciones",2018,T2,152.0
08015 Badalona,"7.- Robos con fuerza en domicilios, establecimientos y otras instalaciones",2019,T2,-110.0
08015 Badalona,"7.- Robos con fuerza en domicilios, establecimientos y otras instalaciones",2020,T2,-118.0
08015 Badalona,"7.- Robos con fuerza en domicilios, establecimientos y otras instalaciones",2021,T2,124.0
08015 Badalona,"7.- Robos con fuerza en domicilios, establecimientos y otras instalaciones",2022,T2,215.0
08015 Badalona,7.-DAÑOS,2015,T2,315.0
08015 Badalona,7.-DAÑOS,2016,T2,319.0
08015 Badalona,7.1.-Robos con fuerza en domicilios,2016,T2,101.0
08015 Badalona,7.1.-Robos con fuerza en domicilios,2017,T2,105.0
08015 Badalona,7.1.-Robos con fuerza en domicilios,2018,T2,104.0
08015 Badalona,7.1.-Robos con fuerza en domicilios,2019,T2,87.0
08015 Badalona,7.1.-Robos con fuerza en domicilios,2020,T2,105.0
08015 Badalona,7.1.-Robos con fuerza en domicilios,2021,T2,91.0
08015 Badalona,7.1.-Robos con fuerza en domicilios,2022,T2,122.0
08015 Badalona,7.1.-Robos con fuerza en domicilios,2023,T2,206.0
08015 Badalona,7.1.-Robos con fuerza en domicilios,2024,T2,117.0
08015 Badalona,7.1.-Robos con fuerza en domicilios,2025,T2,59.0
08015 Badalona,8. Hurtos,2022,T2,989.0
08015 Badalona,8. Hurtos,2023,T2,2056.0
08015 Badalona,8. Hurtos,2024,T2,983.0
08015 Badalona,8. Hurtos,2025,T2,1045.0
08015 Badalona,8.-HURTOS,2015,T2,897.0
08015 Badalona,8.-HURTOS,2016,T2,792.0
08015 Badalona,8.-Hurtos,2016,T2,791.0
08015 Badalona,8.-Hurtos,2017,T2,843.0
08015 Badalona,8.-Hurtos,2018,T2,981.0
08015 Badalona,8.-Hurtos,2019,T2,898.0
08015 Badalona,8.-Hurtos,2020,T2,855.0
08015 Badalona,8.-Hurtos,2021,T2,835.0
08015 Badalona,8.-Hurtos,2022,T2,989.0
08015 Badalona,9. Sustracciones de vehículos,2022,T2,51.0
08015 Badalona,9. Sustracciones de vehículos,2023,T2,124.0
08015 Badalona,9. Sustracciones de vehículos,2024,T2,55.0
08015 Badalona,9. Sustracciones de vehículos,2025,T2,54.0
08015 Badalona,9.-Sustracciones de vehículos,2016,T2,61.0
08015 Badalona,9.-Sustracciones de vehículos,2017,T2,83.0
08015 Badalona,9.-Sustracciones de vehículos,2018,T2,59.0
08015 Badalona,9.-Sustracciones de vehículos,2019,T2,82.0
08015 Badalona,9.-Sustracciones de vehículos,2020,T2,53.0
08015 Badalona,9.-Sustracciones de vehículos,2021,T2,47.0
08015 Badalona,9.-Sustracciones de vehículos,2022,T2,51.0
08015 Badalona,I. CRIMINALIDAD CONVENCIONAL,2022,T2,2948.0
08015 Badalona,I. CRIMINALIDAD CONVENCIONAL,2023,T2,5835.0
08015 Badalona,I. CRIMINALIDAD CONVENCIONAL,2024,T2,3154.0
08015 Badalona,I. CRIMINALIDAD CONVENCIONAL,2025,T2,3334.0
08015 Badalona,II. CIBERCRIMINALIDAD (infracciones penales cometidas en/por medio ciber),2022,T2,434.0
08015 Badalona,II. CIBERCRIMINALIDAD (infracciones penales cometidas en/por medio ciber),2023,T2,1114.0
08015 Badalona,II. CIBERCRIMINALIDAD (infracciones penales cometidas en/por medio ciber),2024,T2,580.0
08015 Badalona,II. CIBERCRIMINALIDAD (infracciones penales cometidas en/por medio ciber),2025,T2,477.0
08015 Badalona,III. TOTAL INFRACCIONES PENALES,2022,T2,3382.0
08015 Badalona,III. TOTAL INFRACCIONES PENALES,2023,T2,6949.0
08015 Badalona,III. TOTAL INFRACCIONES PENALES,2024,T2,3734.0
08015 Badalona,III. TOTAL INFRACCIONES PENALES,2025,T2,3811.0
08015 Badalona,Resto de infracciones penales,2018,T2,1502.0
08015 Badalona,Resto de infracciones penales,2019,T2,1744.0
08015 Badalona,Resto de infracciones penales,2020,T2,2462.0
08015 Badalona,Resto de infracciones penales,2021,T2,1533.0
08015 Badalona,Resto de infracciones penales,2022,T2,1699.0
08015 Badalona,TOTAL INFRACCIONES PENALES,2016,T2,2745.0
08015 Badalona,TOTAL INFRACCIONES PENALES,2017,T2,2891.0
08015 Badalona,TOTAL INFRACCIONES PENALES,2018,T2,3140.0
08015 Badalona,TOTAL INFRACCIONES PENALES,2019,T2,3143.0
08015 Badalona,TOTAL INFRACCIONES PENALES,2020,T2,3857.0
08015 Badalona,TOTAL INFRACCIONES PENALES,2021,T2,2886.0
08015 Badalona,TOTAL INFRACCIONES PENALES,2022,T2,3381.0
08015 Badalona,1. Homicidios dolosos y asesinatos consumados,2022,T3,0.0
08015 Badalona,1. Homicidios dolosos y asesinatos consumados,2023,T3,0.0
08015 Badalona,1. Homicidios dolosos y asesinatos consumados,2024,T3,1.0
08015 Badalona,1.-DELITOS Y FALTAS (EU),2015,T3,2612.0
08015 Badalona,1.-DELITOS Y FALTAS (EU),2016,T3,2606.0
08015 Badalona,1.-Homicidios dolosos y asesinatos consumados,2016,T3,0.0
08015 Badalona,1.-Homicidios dolosos y asesinatos consumados,2017,T3,0.0
08015 Badalona,1.-Homicidios dolosos y asesinatos consumados,2018,T3,0.0
08015 Badalona,1.-Homicidios dolosos y asesinatos consumados,2019,T3,0.0
08015 Badalona,1.-Homicidios dolosos y asesinatos consumados,2020,T3,0.0
08015 Badalona,1.-Homicidios dolosos y asesinatos consumados,2021,T3,0.0
08015 Badalona,1.-Homicidios dolosos y asesinatos consumados,2022,T3,0.0
08015 Badalona,10. Tráfico de drogas,2022,T3,16.0
08015 Badalona,10. Tráfico de drogas,2023,T3,30.0
08015 Badalona,10. Tráfico de drogas,2024,T3,19.0
08015 Badalona,10.-Tráfico de drogas,2016,T3,4.0
08015 Badalona,10.-Tráfico de drogas,2017,T3,9.0
08015 Badalona,10.-Tráfico de drogas,2018,T3,15.0
08015 Badalona,10.-Tráfico de drogas,2019,T3,12.0
08015 Badalona,10.-Tráfico de drogas,2020,T3,15.0
08015 Badalona,10.-Tráfico de drogas,2021,T3,13.0
08015 Badalona,10.-Tráfico de drogas,2022,T3,16.0
08015 Badalona,11. Resto de criminalidad convencional,2022,T3,1209.0
08015 Badalona,11. Resto de criminalidad convencional,2023,T3,2778.0
08015 Badalona,11. Resto de criminalidad convencional,2024,T3,1621.0
08015 Badalona,12.-Estafas informáticas,2022,T3,487.0
08015 Badalona,12.-Estafas informáticas,2023,T3,1180.0
08015 Badalona,12.-Estafas informáticas,2024,T3,497.0
08015 Badalona,13.-Otros ciberdelitos,2022,T3,12.0
08015 Badalona,13.-Otros ciberdelitos,2023,T3,44.0
08015 Badalona,13.-Otros ciberdelitos,2024,T3,21.0
08015 Badalona,2. Homicidios dolosos y asesinatos en grado tentativa,2022,T3,4.0
08015 Badalona,2. Homicidios dolosos y asesinatos en grado tentativa,2023,T3,4.0
08015 Badalona,2. Homicidios dolosos y asesinatos en grado tentativa,2024,T3,6.0
08015 Badalona,2.-HOMICIDIOS DOLOSOS Y ASESINATOS CONSUMADOS (EU),2015,T3,0.0
08015 Badalona,2.-HOMICIDIOS DOLOSOS Y ASESINATOS CONSUMADOS (EU),2016,T3,0.0
08015 Badalona,2.-Homicidios dolosos y asesinatos en grado tentativa,2016,T3,2.0
08015 Badalona,2.-Homicidios dolosos y asesinatos en grado tentativa,2017,T3,2.0
08015 Badalona,2.-Homicidios dolosos y asesinatos en grado tentativa,2018,T3,4.0
08015 Badalona,2.-Homicidios dolosos y asesinatos en grado tentativa,2019,T3,3.0
08015 Badalona,2.-Homicidios dolosos y asesinatos en grado tentativa,2020,T3,8.0
08015 Badalona,2.-Homicidios dolosos y asesinatos en grado tentativa,2021,T3,1.0
08015 Badalona,2.-Homicidios dolosos y asesinatos en grado tentativa,2022,T3,4.0
08015 Badalona,3. Delitos graves y menos graves de lesiones y riña tumultuaria,2022,T3,33.0
08015 Badalona,3. Delitos graves y menos graves de lesiones y riña tumultuaria,2023,T3,74.0
08015 Badalona,3. Delitos graves y menos graves de lesiones y riña tumultuaria,2024,T3,53.0
08015 Badalona,3.-Delitos graves y menos graves de lesiones y riña tumultuaria,2016,T3,0.0
08015 Badalona,3.-Delitos graves y menos graves de lesiones y riña tumultuaria,2017,T3,106.0
08015 Badalona,3.-Delitos graves y menos graves de lesiones y riña tumultuaria,2018,T3,92.0
08015 Badalona,3.-Delitos graves y menos graves de lesiones y riña tumultuaria,2019,T3,104.0
08015 Badalona,3.-Delitos graves y menos graves de lesiones y riña tumultuaria,2020,T3,127.0
08015 Badalona,3.-Delitos graves y menos graves de lesiones y riña tumultuaria,2021,T3,35.0
08015 Badalona,3.-Delitos graves y menos graves de lesiones y riña tumultuaria,2022,T3,33.0
08015 Badalona,3.-ROBO CON VIOLENCIA E INTIMIDACIÓN (EU),2015,T3,306.0
08015 Badalona,3.-ROBO CON VIOLENCIA E INTIMIDACIÓN (EU),2016,T3,289.0
08015 Badalona,4. Secuestro,2022,T3,0.0
08015 Badalona,4. Secuestro,2023,T3,0.0
08015 Badalona,4. Secuestro,2024,T3,0.0
08015 Badalona,4.-ROBOS CON FUERZA EN DOMICILIOS (EU),2015,T3,158.0
08015 Badalona,4.-ROBOS CON FUERZA EN DOMICILIOS (EU),2016,T3,115.0
08015 Badalona,4.-Secuestro,2016,T3,0.0
08015 Badalona,4.-Secuestro,2017,T3,0.0
08015 Badalona,4.-Secuestro,2018,T3,0.0
08015 Badalona,4.-Secuestro,2019,T3,0.0
08015 Badalona,4.-Secuestro,2020,T3,0.0
08015 Badalona,4.-Secuestro,2021,T3,0.0
08015 Badalona,4.-Secuestro,2022,T3,0.0
08015 Badalona,5. Delitos contra la libertad sexual,2022,T3,28.0
08015 Badalona,5. Delitos contra la libertad sexual,2023,T3,70.0
08015 Badalona,5. Delitos contra la libertad sexual,2024,T3,34.0
08015 Badalona,5.-Delitos contra la libertad e indemnidad sexual,2016,T3,20.0
08015 Badalona,5.-Delitos contra la libertad e indemnidad sexual,2017,T3,18.0
08015 Badalona,5.-Delitos contra la libertad e indemnidad sexual,2018,T3,23.0
08015 Badalona,5.-Delitos contra la libertad e indemnidad sexual,2019,T3,17.0
08015 Badalona,5.-Delitos contra la libertad e indemnidad sexual,2020,T3,34.0
08015 Badalona,5.-Delitos contra la libertad e indemnidad sexual,2021,T3,23.0
08015 Badalona,5.-Delitos contra la libertad e indemnidad sexual,2022,T3,28.0
08015 Badalona,5.-SUSTRACCIÓN VEHÍCULOS A MOTOR (EU),2015,T3,53.0
08015 Badalona,5.-SUSTRACCIÓN VEHÍCULOS A MOTOR (EU),2016,T3,58.0
08015 Badalona,5.1.-Agresión sexual con penetración,2016,T3,4.0
08015 Badalona,5.1.-Agresión sexual con penetración,2017,T3,3.0
08015 Badalona,5.1.-Agresión sexual con penetración,2018,T3,5.0
08015 Badalona,5.1.-Agresión sexual con penetración,2019,T3,2.0
08015 Badalona,5.1.-Agresión sexual con penetración,2020,T3,8.0
08015 Badalona,5.1.-Agresión sexual con penetración,2021,T3,6.0
08015 Badalona,5.1.-Agresión sexual con penetración,2022,T3,29.0
08015 Badalona,5.1.-Agresión sexual con penetración,2023,T3,28.0
08015 Badalona,5.1.-Agresión sexual con penetración,2024,T3,19.0
08015 Badalona,5.2.-Resto de delitos contra la libertad e indemnidad sexual,2016,T3,16.0
08015 Badalona,5.2.-Resto de delitos contra la libertad e indemnidad sexual,2017,T3,15.0
08015 Badalona,5.2.-Resto de delitos contra la libertad e indemnidad sexual,2018,T3,18.0
08015 Badalona,5.2.-Resto de delitos contra la libertad e indemnidad sexual,2019,T3,15.0
08015 Badalona,5.2.-Resto de delitos contra la libertad e indemnidad sexual,2020,T3,26.0
08015 Badalona,5.2.-Resto de delitos contra la libertad e indemnidad sexual,2021,T3,17.0
08015 Badalona,5.2.-Resto de delitos contra la libertad e indemnidad sexual,2022,T3,21.0
08015 Badalona,5.2.-Resto de delitos contra la libertad sexual,2022,T3,16.0
08015 Badalona,5.2.-Resto de delitos contra la libertad sexual,2023,T3,42.0
08015 Badalona,5.2.-Resto de delitos contra la libertad sexual,2024,T3,15.0
08015 Badalona,6. Robos con violencia e intimidación,2022,T3,405.0
08015 Badalona,6. Robos con violencia e intimidación,2023,T3,634.0
08015 Badalona,6. Robos con violencia e intimidación,2024,T3,321.0
08015 Badalona,6.-Robos con violencia e intimidación,2016,T3,292.0
08015 Badalona,6.-Robos con violencia e intimidación,2017,T3,261.0
08015 Badalona,6.-Robos con violencia e intimidación,2018,T3,267.0
08015 Badalona,6.-Robos con violencia e intimidación,2019,T3,375.0
08015 Badalona,6.-Robos con violencia e intimidación,2020,T3,690.0
08015 Badalona,6.-Robos con violencia e intimidación,2021,T3,255.0
08015 Badalona,6.-Robos con violencia e intimidación,2022,T3,405.0
08015 Badalona,6.-TRÁFICO DE DROGAS (EU),2015,T3,5.0
08015 Badalona,6.-TRÁFICO DE DROGAS (EU),2016,T3,4.0
08015 Badalona,"7. Robos con fuerza en domicilios, establecimientos y otras instalaciones",2022,T3,179.0
08015 Badalona,"7. Robos con fuerza en domicilios, establecimientos y otras instalaciones",2023,T3,242.0
08015 Badalona,"7. Robos con fuerza en domicilios, establecimientos y otras instalaciones",2024,T3,198.0
08015 Badalona,"7.- Robos con fuerza en domicilios, establecimientos y otras instalaciones",2016,T3,148.0
08015 Badalona,"7.- Robos con fuerza en domicilios, establecimientos y otras instalaciones",2017,T3,153.0
08015 Badalona,"7.- Robos con fuerza en domicilios, establecimientos y otras instalaciones",2018,T3,148.0
08015 Badalona,"7.- Robos con fuerza en domicilios, establecimientos y otras instalaciones",2019,T3,169.0
08015 Badalona,"7.- Robos con fuerza en domicilios, establecimientos y otras instalaciones",2020,T3,281.0
08015 Badalona,"7.- Robos con fuerza en domicilios, establecimientos y otras instalaciones",2021,T3,131.0
08015 Badalona,"7.- Robos con fuerza en domicilios, establecimientos y otras instalaciones",2022,T3,179.0
08015 Badalona,7.-DAÑOS,2015,T3,257.0
08015 Badalona,7.-DAÑOS,2016,T3,291.0
08015 Badalona,7.1.-Robos con fuerza en domicilios,2016,T3,115.0
08015 Badalona,7.1.-Robos con fuerza en domicilios,2017,T3,122.0
08015 Badalona,7.1.-Robos con fuerza en domicilios,2018,T3,110.0
08015 Badalona,7.1.-Robos con fuerza en domicilios,2019,T3,107.0
08015 Badalona,7.1.-Robos con fuerza en domicilios,2020,T3,198.0
08015 Badalona,7.1.-Robos con fuerza en domicilios,2021,T3,107.0
08015 Badalona,7.1.-Robos con fuerza en domicilios,2022,T3,485.0
08015 Badalona,7.1.-Robos con fuerza en domicilios,2023,T3,176.0
08015 Badalona,7.1.-Robos con fuerza en domicilios,2024,T3,169.0
08015 Badalona,8. Hurtos,2022,T3,1002.0
08015 Badalona,8. Hurtos,2023,T3,2075.0
08015 Badalona,8. Hurtos,2024,T3,953.0
08015 Badalona,8.-HURTOS,2015,T3,836.0
08015 Badalona,8.-HURTOS,2016,T3,757.0
08015 Badalona,8.-Hurtos,2016,T3,755.0
08015 Badalona,8.-Hurtos,2017,T3,872.0
08015 Badalona,8.-Hurtos,2018,T3,849.0
08015 Badalona,8.-Hurtos,2019,T3,826.0
08015 Badalona,8.-Hurtos,2020,T3,1759.0
08015 Badalona,8.-Hurtos,2021,T3,813.0
08015 Badalona,8.-Hurtos,2022,T3,1002.0
08015 Badalona,9. Sustracciones de vehículos,2022,T3,71.0
08015 Badalona,9. Sustracciones de vehículos,2023,T3,120.0
08015 Badalona,9. Sustracciones de vehículos,2024,T3,68.0
08015 Badalona,9.-Sustracciones de vehículos,2016,T3,58.0
08015 Badalona,9.-Sustracciones de vehículos,2017,T3,74.0
08015 Badalona,9.-Sustracciones de vehículos,2018,T3,66.0
08015 Badalona,9.-Sustracciones de vehículos,2019,T3,59.0
08015 Badalona,9.-Sustracciones de vehículos,2020,T3,112.0
08015 Badalona,9.-Sustracciones de vehículos,2021,T3,48.0
08015 Badalona,9.-Sustracciones de vehículos,2022,T3,71.0
08015 Badalona,I. CRIMINALIDAD CONVENCIONAL,2022,T3,2947.0
08015 Badalona,I. CRIMINALIDAD CONVENCIONAL,2023,T3,6027.0
08015 Badalona,I. CRIMINALIDAD CONVENCIONAL,2024,T3,3274.0
08015 Badalona,II. CIBERCRIMINALIDAD (infracciones penales cometidas en/por medio ciber),2022,T3,499.0
08015 Badalona,II. CIBERCRIMINALIDAD (infracciones penales cometidas en/por medio ciber),2023,T3,1224.0
08015 Badalona,II. CIBERCRIMINALIDAD (infracciones penales cometidas en/por medio ciber),2024,T3,518.0
08015 Badalona,III. TOTAL INFRACCIONES PENALES,2022,T3,3446.0
08015 Badalona,III. TOTAL INFRACCIONES PENALES,2023,T3,7251.0
08015 Badalona,III. TOTAL INFRACCIONES PENALES,2024,T3,3792.0
08015 Badalona,Resto de infracciones penales,2018,T3,1392.0
08015 Badalona,Resto de infracciones penales,2019,T3,1556.0
08015 Badalona,Resto de infracciones penales,2020,T3,3047.0
08015 Badalona,Resto de infracciones penales,2021,T3,1554.0
08015 Badalona,Resto de infracciones penales,2022,T3,1700.0
08015 Badalona,TOTAL INFRACCIONES PENALES,2016,T3,2607.0
08015 Badalona,TOTAL INFRACCIONES PENALES,2017,T3,2740.0
08015 Badalona,TOTAL INFRACCIONES PENALES,2018,T3,2856.0
08015 Badalona,TOTAL INFRACCIONES PENALES,2019,T3,3121.0
08015 Badalona,TOTAL INFRACCIONES PENALES,2020,T3,6073.0
08015 Badalona,TOTAL INFRACCIONES PENALES,2021,T3,2873.0
08015 Badalona,TOTAL INFRACCIONES PENALES,2022,T3,3438.0
08015 Badalona,1. Homicidios dolosos y asesinatos consumados,2022,T4,2.0
08015 Badalona,1. Homicidios dolosos y asesinatos consumados,2023,T4,2.0
08015 Badalona,1. Homicidios dolosos y asesinatos consumados,2024,T4,0.0
08015 Badalona,1.-DELITOS Y FALTAS (EU),2015,T4,2727.0
08015 Badalona,1.-DELITOS Y FALTAS (EU),2016,T4,2716.0
08015 Badalona,1.-Homicidios dolosos y asesinatos consumados,2016,T4,1.0
08015 Badalona,1.-Homicidios dolosos y asesinatos consumados,2017,T4,0.0
08015 Badalona,1.-Homicidios dolosos y asesinatos consumados,2018,T4,0.0
08015 Badalona,1.-Homicidios dolosos y asesinatos consumados,2019,T4,1.0
08015 Badalona,1.-Homicidios dolosos y asesinatos consumados,2020,T4,0.0
08015 Badalona,1.-Homicidios dolosos y asesinatos consumados,2021,T4,0.0
08015 Badalona,10. Tráfico de drogas,2022,T4,59.0
08015 Badalona,10. Tráfico de drogas,2023,T4,56.0
08015 Badalona,10. Tráfico de drogas,2024,T4,26.0
08015 Badalona,10.-Tráfico de drogas,2016,T4,6.0
08015 Badalona,10.-Tráfico de drogas,2017,T4,11.0
08015 Badalona,10.-Tráfico de drogas,2018,T4,22.0
08015 Badalona,10.-Tráfico de drogas,2019,T4,14.0
08015 Badalona,10.-Tráfico de drogas,2020,T4,24.0
08015 Badalona,10.-Tráfico de drogas,2021,T4,18.0
08015 Badalona,11. Resto de criminalidad convencional,2022,T4,6334.0
08015 Badalona,11. Resto de criminalidad convencional,2023,T4,2962.0
08015 Badalona,11. Resto de criminalidad convencional,2024,T4,1616.0
08015 Badalona,12.-Estafas informáticas,2022,T4,2424.0
08015 Badalona,12.-Estafas informáticas,2023,T4,1226.0
08015 Badalona,12.-Estafas informáticas,2024,T4,464.0
08015 Badalona,13.-Otros ciberdelitos,2022,T4,71.0
08015 Badalona,13.-Otros ciberdelitos,2023,T4,28.0
08015 Badalona,13.-Otros ciberdelitos,2024,T4,15.0
08015 Badalona,2. Homicidios dolosos y asesinatos en grado tentativa,2022,T4,11.0
08015 Badalona,2. Homicidios dolosos y asesinatos en grado tentativa,2023,T4,4.0
08015 Badalona,2. Homicidios dolosos y asesinatos en grado tentativa,2024,T4,1.0
08015 Badalona,2.-HOMICIDIOS DOLOSOS Y ASESINATOS CONSUMADOS (EU),2015,T4,1.0
08015 Badalona,2.-HOMICIDIOS DOLOSOS Y ASESINATOS CONSUMADOS (EU),2016,T4,1.0
08015 Badalona,2.-Homicidios dolosos y asesinatos en grado tentativa,2016,T4,2.0
08015 Badalona,2.-Homicidios dolosos y asesinatos en grado tentativa,2017,T4,2.0
08015 Badalona,2.-Homicidios dolosos y asesinatos en grado tentativa,2018,T4,1.0
08015 Badalona,2.-Homicidios dolosos y asesinatos en grado tentativa,2019,T4,1.0
08015 Badalona,2.-Homicidios dolosos y asesinatos en grado tentativa,2020,T4,1.0
08015 Badalona,2.-Homicidios dolosos y asesinatos en grado tentativa,2021,T4,2.0
08015 Badalona,3. Delitos graves y menos graves de lesiones y riña tumultuaria,2022,T4,150.0
08015 Badalona,3. Delitos graves y menos graves de lesiones y riña tumultuaria,2023,T4,70.0
08015 Badalona,3. Delitos graves y menos graves de lesiones y riña tumultuaria,2024,T4,35.0
08015 Badalona,3.-Delitos graves y menos graves de lesiones y riña tumultuaria,2016,T4,0.0
08015 Badalona,3.-Delitos graves y menos graves de lesiones y riña tumultuaria,2017,T4,97.0
08015 Badalona,3.-Delitos graves y menos graves de lesiones y riña tumultuaria,2018,T4,80.0
08015 Badalona,3.-Delitos graves y menos graves de lesiones y riña tumultuaria,2019,T4,90.0
08015 Badalona,3.-Delitos graves y menos graves de lesiones y riña tumultuaria,2020,T4,82.0
08015 Badalona,3.-Delitos graves y menos graves de lesiones y riña tumultuaria,2021,T4,23.0
08015 Badalona,3.-ROBO CON VIOLENCIA E INTIMIDACIÓN (EU),2015,T4,321.0
08015 Badalona,3.-ROBO CON VIOLENCIA E INTIMIDACIÓN (EU),2016,T4,364.0
08015 Badalona,4. Secuestro,2022,T4,0.0
08015 Badalona,4. Secuestro,2023,T4,2.0
08015 Badalona,4. Secuestro,2024,T4,0.0
08015 Badalona,4.-ROBOS CON FUERZA EN DOMICILIOS (EU),2015,T4,150.0
08015 Badalona,4.-ROBOS CON FUERZA EN DOMICILIOS (EU),2016,T4,103.0
08015 Badalona,4.-Secuestro,2016,T4,0.0
08015 Badalona,4.-Secuestro,2017,T4,0.0
08015 Badalona,4.-Secuestro,2018,T4,0.0
08015 Badalona,4.-Secuestro,2019,T4,0.0
08015 Badalona,4.-Secuestro,2020,T4,0.0
08015 Badalona,4.-Secuestro,2021,T4,0.0
08015 Badalona,5. Delitos contra la libertad sexual,2022,T4,129.0
08015 Badalona,5. Delitos contra la libertad sexual,2023,T4,38.0
08015 Badalona,5. Delitos contra la libertad sexual,2024,T4,23.0
08015 Badalona,5.-Delitos contra la libertad e indemnidad sexual,2016,T4,22.0
08015 Badalona,5.-Delitos contra la libertad e indemnidad sexual,2017,T4,9.0
08015 Badalona,5.-Delitos contra la libertad e indemnidad sexual,2018,T4,18.0
08015 Badalona,5.-Delitos contra la libertad e indemnidad sexual,2019,T4,27.0
08015 Badalona,5.-Delitos contra la libertad e indemnidad sexual,2020,T4,36.0
08015 Badalona,5.-Delitos contra la libertad e indemnidad sexual,2021,T4,18.0
08015 Badalona,5.-SUSTRACCIÓN VEHÍCULOS A MOTOR (EU),2015,T4,72.0
08015 Badalona,5.-SUSTRACCIÓN VEHÍCULOS A MOTOR (EU),2016,T4,70.0
08015 Badalona,5.1.-Agresión sexual con penetración,2016,T4,6.0
08015 Badalona,5.1.-Agresión sexual con penetración,2017,T4,1.0
08015 Badalona,5.1.-Agresión sexual con penetración,2018,T4,5.0
08015 Badalona,5.1.-Agresión sexual con penetración,2019,T4,26.0
08015 Badalona,5.1.-Agresión sexual con penetración,2020,T4,5.0
08015 Badalona,5.1.-Agresión sexual con penetración,2021,T4,4.0
08015 Badalona,5.1.-Agresión sexual con penetración,2022,T4,19.0
08015 Badalona,5.1.-Agresión sexual con penetración,2023,T4,12.0
08015 Badalona,5.1.-Agresión sexual con penetración,2024,T4,13.0
08015 Badalona,5.2.-Resto de delitos contra la libertad e indemnidad sexual,2016,T4,16.0
08015 Badalona,5.2.-Resto de delitos contra la libertad e indemnidad sexual,2017,T4,8.0
08015 Badalona,5.2.-Resto de delitos contra la libertad e indemnidad sexual,2018,T4,13.0
08015 Badalona,5.2.-Resto de delitos contra la libertad e indemnidad sexual,2019,T4,19.0
08015 Badalona,5.2.-Resto de delitos contra la libertad e indemnidad sexual,2020,T4,31.0
08015 Badalona,5.2.-Resto de delitos contra la libertad e indemnidad sexual,2021,T4,14.0
08015 Badalona,5.2.-Resto de delitos contra la libertad sexual,2022,T4,93.0
08015 Badalona,5.2.-Resto de delitos contra la libertad sexual,2023,T4,26.0
08015 Badalona,5.2.-Resto de delitos contra la libertad sexual,2024,T4,10.0
08015 Badalona,6. Robos con violencia e intimidación,2022,T4,1854.0
08015 Badalona,6. Robos con violencia e intimidación,2023,T4,750.0
08015 Badalona,6. Robos con violencia e intimidación,2024,T4,329.0
08015 Badalona,6.-Robos con violencia e intimidación,2016,T4,364.0
08015 Badalona,6.-Robos con violencia e intimidación,2017,T4,295.0
08015 Badalona,6.-Robos con violencia e intimidación,2018,T4,359.0
08015 Badalona,6.-Robos con violencia e intimidación,2019,T4,383.0
08015 Badalona,6.-Robos con violencia e intimidación,2020,T4,601.0
08015 Badalona,6.-Robos con violencia e intimidación,2021,T4,305.0
08015 Badalona,6.-TRÁFICO DE DROGAS (EU),2015,T4,6.0
08015 Badalona,6.-TRÁFICO DE DROGAS (EU),2016,T4,7.0
08015 Badalona,"7. Robos con fuerza en domicilios, establecimientos y otras instalaciones",2022,T4,1009.0
08015 Badalona,"7. Robos con fuerza en domicilios, establecimientos y otras instalaciones",2023,T4,204.0
08015 Badalona,"7. Robos con fuerza en domicilios, establecimientos y otras instalaciones",2024,T4,177.0
08015 Badalona,"7.- Robos con fuerza en domicilios, establecimientos y otras instalaciones",2016,T4,132.0
08015 Badalona,"7.- Robos con fuerza en domicilios, establecimientos y otras instalaciones",2017,T4,131.0
08015 Badalona,"7.- Robos con fuerza en domicilios, establecimientos y otras instalaciones",2018,T4,152.0
08015 Badalona,"7.- Robos con fuerza en domicilios, establecimientos y otras instalaciones",2019,T4,177.0
08015 Badalona,"7.- Robos con fuerza en domicilios, establecimientos y otras instalaciones",2020,T4,224.0
08015 Badalona,"7.- Robos con fuerza en domicilios, establecimientos y otras instalaciones",2021,T4,201.0
08015 Badalona,7.-DAÑOS,2015,T4,308.0
08015 Badalona,7.-DAÑOS,2016,T4,283.0
08015 Badalona,7.1.-Robos con fuerza en domicilios,2016,T4,104.0
08015 Badalona,7.1.-Robos con fuerza en domicilios,2017,T4,89.0
08015 Badalona,7.1.-Robos con fuerza en domicilios,2018,T4,95.0
08015 Badalona,7.1.-Robos con fuerza en domicilios,2019,T4,507.0
08015 Badalona,7.1.-Robos con fuerza en domicilios,2020,T4,119.0
08015 Badalona,7.1.-Robos con fuerza en domicilios,2021,T4,120.0
08015 Badalona,7.1.-Robos con fuerza en domicilios,2022,T4,182.0
08015 Badalona,7.1.-Robos con fuerza en domicilios,2023,T4,108.0
08015 Badalona,7.1.-Robos con fuerza en domicilios,2024,T4,145.0
08015 Badalona,8. Hurtos,2022,T4,4760.0
08015 Badalona,8. Hurtos,2023,T4,1954.0
08015 Badalona,8. Hurtos,2024,T4,901.0
08015 Badalona,8.-HURTOS,2015,T4,835.0
08015 Badalona,8.-HURTOS,2016,T4,799.0
08015 Badalona,8.-Hurtos,2016,T4,800.0
08015 Badalona,8.-Hurtos,2017,T4,870.0
08015 Badalona,8.-Hurtos,2018,T4,930.0
08015 Badalona,8.-Hurtos,2019,T4,870.0
08015 Badalona,8.-Hurtos,2020,T4,1479.0
08015 Badalona,8.-Hurtos,2021,T4,887.0
08015 Badalona,9. Sustracciones de vehículos,2022,T4,329.0
08015 Badalona,9. Sustracciones de vehículos,2023,T4,110.0
08015 Badalona,9. Sustracciones de vehículos,2024,T4,60.0
08015 Badalona,9.-Sustracciones de vehículos,2016,T4,70.0
08015 Badalona,9.-Sustracciones de vehículos,2017,T4,62.0
08015 Badalona,9.-Sustracciones de vehículos,2018,T4,74.0
08015 Badalona,9.-Sustracciones de vehículos,2019,T4,55.0
08015 Badalona,9.-Sustracciones de vehículos,2020,T4,64.0
08015 Badalona,9.-Sustracciones de vehículos,2021,T4,57.0
08015 Badalona,I. CRIMINALIDAD CONVENCIONAL,2022,T4,14637.0
08015 Badalona,I. CRIMINALIDAD CONVENCIONAL,2023,T4,6152.0
08015 Badalona,I. CRIMINALIDAD CONVENCIONAL,2024,T4,3168.0
08015 Badalona,II. CIBERCRIMINALIDAD (infracciones penales cometidas en/por medio ciber),2022,T4,2495.0
08015 Badalona,II. CIBERCRIMINALIDAD (infracciones penales cometidas en/por medio ciber),2023,T4,1254.0
08015 Badalona,II. CIBERCRIMINALIDAD (infracciones penales cometidas en/por medio ciber),2024,T4,479.0
08015 Badalona,III. TOTAL INFRACCIONES PENALES,2022,T4,17132.0
08015 Badalona,III. TOTAL INFRACCIONES PENALES,2023,T4,7406.0
08015 Badalona,III. TOTAL INFRACCIONES PENALES,2024,T4,3647.0
08015 Badalona,Resto de infracciones penales,2018,T4,1606.0
08015 Badalona,Resto de infracciones penales,2019,T4,1574.0
08015 Badalona,Resto de infracciones penales,2020,T4,2897.0
08015 Badalona,Resto de infracciones penales,2021,T4,1730.0
08015 Badalona,TOTAL INFRACCIONES PENALES,2016,T4,2720.0
08015 Badalona,TOTAL INFRACCIONES PENALES,2017,T4,2938.0
08015 Badalona,TOTAL INFRACCIONES PENALES,2018,T4,3242.0
08015 Badalona,TOTAL INFRACCIONES PENALES,2019,T4,3192.0
08015 Badalona,TOTAL INFRACCIONES PENALES,2020,T4,5408.0
08015 Badalona,TOTAL INFRACCIONES PENALES,2021,T4,3241.0
