municipio,tipología,valor,población,valor_ratio
Barcelona,III. TOTAL INFRACCIONES PENALES,83913.0,1702547.0,4.93
Barcelona,I. CRIMINALIDAD CONVENCIONAL,75141.0,1702547.0,4.41
Barcelona,8. Hurtos,38861.0,1702547.0,2.28
Barcelona,11. Resto de criminalidad convencional,24325.0,1702547.0,1.43
Hospitalet de Llobregat (L'),III. TOTAL INFRACCIONES PENALES,11703.0,279993.0,4.18
Hospitalet de Llobregat (L'),I. CRIMINALIDAD CONVENCIONAL,10771.0,279993.0,3.85
Barcelona,II. CIBERCRIMINALIDAD (infracciones penales cometidas en/por medio ciber),8772.0,1702547.0,0.52
Barcelona,12.-Estafas informáticas,8123.0,1702547.0,0.48
Badalona,III. TOTAL INFRACCIONES PENALES,7566.0,227083.0,3.33
Badalona,I. CRIMINALIDAD CONVENCIONAL,6572.0,227083.0,2.89
Barcelona,6. Robos con violencia e intimidación,5945.0,1702547.0,0.35
Prat de Llobregat (El),III. TOTAL INFRACCIONES PENALES,5694.0,66184.0,8.6
Prat de Llobregat (El),I. CRIMINALIDAD CONVENCIONAL,5342.0,66184.0,8.07
Sabadell,III. TOTAL INFRACCIONES PENALES,5100.0,222177.0,2.3
Hospitalet de Llobregat (L'),11. Resto de criminalidad convencional,4834.0,279993.0,1.73
Terrassa,III. TOTAL INFRACCIONES PENALES,4566.0,228708.0,2.0
Mataró,III. TOTAL INFRACCIONES PENALES,4380.0,131798.0,3.32
Sabadell,I. CRIMINALIDAD CONVENCIONAL,4184.0,222177.0,1.88
Hospitalet de Llobregat (L'),8. Hurtos,3915.0,279993.0,1.4
Mataró,I. CRIMINALIDAD CONVENCIONAL,3714.0,131798.0,2.82
Terrassa,I. CRIMINALIDAD CONVENCIONAL,3552.0,228708.0,1.55
Prat de Llobregat (El),8. Hurtos,3385.0,66184.0,5.11
Badalona,11. Resto de criminalidad convencional,3368.0,227083.0,1.48
Cornellà de Llobregat,III. TOTAL INFRACCIONES PENALES,2661.0,91589.0,2.91
Santa Coloma de Gramenet,III. TOTAL INFRACCIONES PENALES,2571.0,121203.0,2.12
Manresa,III. TOTAL INFRACCIONES PENALES,2525.0,80201.0,3.15
Vilanova i la Geltrú,III. TOTAL INFRACCIONES PENALES,2306.0,70418.0,3.27
Barcelona,"7. Robos con fuerza en domicilios, establecimientos y otras instalaciones",2224.0,1702547.0,0.13
Cornellà de Llobregat,I. CRIMINALIDAD CONVENCIONAL,2216.0,91589.0,2.42
Sant Boi de Llobregat,III. TOTAL INFRACCIONES PENALES,2169.0,84831.0,2.56
Santa Coloma de Gramenet,I. CRIMINALIDAD CONVENCIONAL,2151.0,121203.0,1.77
Manresa,I. CRIMINALIDAD CONVENCIONAL,2100.0,80201.0,2.62
Badalona,8. Hurtos,2093.0,227083.0,0.92
Sabadell,11. Resto de criminalidad convencional,2085.0,222177.0,0.94
Sant Cugat del Vallès,III. TOTAL INFRACCIONES PENALES,2081.0,98621.0,2.11
Mataró,11. Resto de criminalidad convencional,2021.0,131798.0,1.53
Terrassa,11. Resto de criminalidad convencional,2007.0,228708.0,0.88
Sant Adrià de Besòs,III. TOTAL INFRACCIONES PENALES,1958.0,38490.0,5.09
Vilanova i la Geltrú,I. CRIMINALIDAD CONVENCIONAL,1920.0,70418.0,2.73
Sant Adrià de Besòs,I. CRIMINALIDAD CONVENCIONAL,1773.0,38490.0,4.61
Esplugues de Llobregat,III. TOTAL INFRACCIONES PENALES,1736.0,47613.0,3.65
Rubí,III. TOTAL INFRACCIONES PENALES,1725.0,81532.0,2.12
Sant Boi de Llobregat,I. CRIMINALIDAD CONVENCIONAL,1725.0,84831.0,2.03
Granollers,III. TOTAL INFRACCIONES PENALES,1668.0,64181.0,2.6
Sant Cugat del Vallès,I. CRIMINALIDAD CONVENCIONAL,1562.0,98621.0,1.58
Barcelona,7.1.-Robos con fuerza en domicilios,1514.0,1702547.0,0.09
Esplugues de Llobregat,I. CRIMINALIDAD CONVENCIONAL,1510.0,47613.0,3.17
Castelldefels,III. TOTAL INFRACCIONES PENALES,1471.0,69450.0,2.12
Viladecans,III. TOTAL INFRACCIONES PENALES,1449.0,67348.0,2.15
Granollers,I. CRIMINALIDAD CONVENCIONAL,1445.0,64181.0,2.25
Sabadell,8. Hurtos,1440.0,222177.0,0.65
Sitges,III. TOTAL INFRACCIONES PENALES,1418.0,32405.0,4.38
Prat de Llobregat (El),11. Resto de criminalidad convencional,1376.0,66184.0,2.08
Rubí,I. CRIMINALIDAD CONVENCIONAL,1371.0,81532.0,1.68
Barcelona,9. Sustracciones de vehículos,1353.0,1702547.0,0.08
Vilafranca del Penedès,III. TOTAL INFRACCIONES PENALES,1327.0,41504.0,3.2
Hospitalet de Llobregat (L'),6. Robos con violencia e intimidación,1297.0,279993.0,0.46
Sitges,I. CRIMINALIDAD CONVENCIONAL,1263.0,32405.0,3.9
Vic,III. TOTAL INFRACCIONES PENALES,1246.0,49530.0,2.52
Montcada i Reixac,III. TOTAL INFRACCIONES PENALES,1227.0,37153.0,3.3
Mollet del Vallès,III. TOTAL INFRACCIONES PENALES,1218.0,52283.0,2.33
Barcelona,10. Tráfico de drogas,1210.0,1702547.0,0.07
Castelldefels,I. CRIMINALIDAD CONVENCIONAL,1177.0,69450.0,1.69
Cerdanyola del Vallès,III. TOTAL INFRACCIONES PENALES,1144.0,58100.0,1.97
Mataró,8. Hurtos,1133.0,131798.0,0.86
Manresa,11. Resto de criminalidad convencional,1126.0,80201.0,1.4
Vilafranca del Penedès,I. CRIMINALIDAD CONVENCIONAL,1115.0,41504.0,2.69
Gavà,III. TOTAL INFRACCIONES PENALES,1105.0,48007.0,2.3
Viladecans,I. CRIMINALIDAD CONVENCIONAL,1101.0,67348.0,1.63
Vic,I. CRIMINALIDAD CONVENCIONAL,1066.0,49530.0,2.15
Cornellà de Llobregat,11. Resto de criminalidad convencional,1041.0,91589.0,1.14
Montcada i Reixac,I. CRIMINALIDAD CONVENCIONAL,1032.0,37153.0,2.78
Santa Coloma de Gramenet,11. Resto de criminalidad convencional,1028.0,121203.0,0.85
Terrassa,II. CIBERCRIMINALIDAD (infracciones penales cometidas en/por medio ciber),1014.0,228708.0,0.44
Badalona,II. CIBERCRIMINALIDAD (infracciones penales cometidas en/por medio ciber),994.0,227083.0,0.44
Terrassa,8. Hurtos,994.0,228708.0,0.43
Mollet del Vallès,I. CRIMINALIDAD CONVENCIONAL,980.0,52283.0,1.87
Barberà del Vallès,III. TOTAL INFRACCIONES PENALES,978.0,33575.0,2.91
Sant Feliu de Llobregat,III. TOTAL INFRACCIONES PENALES,976.0,46554.0,2.1
Vilanova i la Geltrú,11. Resto de criminalidad convencional,974.0,70418.0,1.38
Hospitalet de Llobregat (L'),II. CIBERCRIMINALIDAD (infracciones penales cometidas en/por medio ciber),932.0,279993.0,0.33
Sabadell,II. CIBERCRIMINALIDAD (infracciones penales cometidas en/por medio ciber),916.0,222177.0,0.41
Terrassa,12.-Estafas informáticas,915.0,228708.0,0.4
Cerdanyola del Vallès,I. CRIMINALIDAD CONVENCIONAL,910.0,58100.0,1.57
Sant Adrià de Besòs,11. Resto de criminalidad convencional,899.0,38490.0,2.34
Badalona,12.-Estafas informáticas,891.0,227083.0,0.39
Gavà,I. CRIMINALIDAD CONVENCIONAL,877.0,48007.0,1.83
Sant Boi de Llobregat,11. Resto de criminalidad convencional,862.0,84831.0,1.02
Igualada,III. TOTAL INFRACCIONES PENALES,861.0,41466.0,2.08
Barberà del Vallès,I. CRIMINALIDAD CONVENCIONAL,858.0,33575.0,2.56
Hospitalet de Llobregat (L'),12.-Estafas informáticas,842.0,279993.0,0.3
Sabadell,12.-Estafas informáticas,830.0,222177.0,0.37
Rubí,11. Resto de criminalidad convencional,814.0,81532.0,1.0
Martorell,III. TOTAL INFRACCIONES PENALES,792.0,28507.0,2.78
Pineda de Mar,III. TOTAL INFRACCIONES PENALES,777.0,29455.0,2.64
Granollers,11. Resto de criminalidad convencional,771.0,64181.0,1.2
Ripollet,III. TOTAL INFRACCIONES PENALES,768.0,39462.0,1.95
Santa Coloma de Gramenet,8. Hurtos,746.0,121203.0,0.62
Sant Feliu de Llobregat,I. CRIMINALIDAD CONVENCIONAL,743.0,46554.0,1.6
Cornellà de Llobregat,8. Hurtos,735.0,91589.0,0.8
Vilanova i la Geltrú,8. Hurtos,723.0,70418.0,1.03
Manresa,8. Hurtos,708.0,80201.0,0.88
Sant Cugat del Vallès,11. Resto de criminalidad convencional,702.0,98621.0,0.71
Barcelona,5. Delitos contra la libertad sexual,698.0,1702547.0,0.04
Sant Vicenç dels Horts,III. TOTAL INFRACCIONES PENALES,691.0,28568.0,2.42
Sant Joan Despí,III. TOTAL INFRACCIONES PENALES,667.0,35083.0,1.9
Mataró,II. CIBERCRIMINALIDAD (infracciones penales cometidas en/por medio ciber),666.0,131798.0,0.51
Premià de Mar,III. TOTAL INFRACCIONES PENALES,660.0,28951.0,2.28
Igualada,I. CRIMINALIDAD CONVENCIONAL,659.0,41466.0,1.59
Martorell,I. CRIMINALIDAD CONVENCIONAL,657.0,28507.0,2.3
Esplugues de Llobregat,8. Hurtos,655.0,47613.0,1.38
Badalona,6. Robos con violencia e intimidación,653.0,227083.0,0.29
Esplugues de Llobregat,11. Resto de criminalidad convencional,651.0,47613.0,1.37
Barcelona,13.-Otros ciberdelitos,649.0,1702547.0,0.04
Santa Perpètua de Mogoda,III. TOTAL INFRACCIONES PENALES,638.0,25960.0,2.46
Sant Boi de Llobregat,8. Hurtos,615.0,84831.0,0.72
Mollet del Vallès,11. Resto de criminalidad convencional,605.0,52283.0,1.16
Sant Cugat del Vallès,8. Hurtos,603.0,98621.0,0.61
Mataró,12.-Estafas informáticas,598.0,131798.0,0.45
Montcada i Reixac,11. Resto de criminalidad convencional,593.0,37153.0,1.6
Ripollet,I. CRIMINALIDAD CONVENCIONAL,583.0,39462.0,1.48
Pineda de Mar,I. CRIMINALIDAD CONVENCIONAL,576.0,29455.0,1.96
Sitges,11. Resto de criminalidad convencional,571.0,32405.0,1.76
Sant Adrià de Besòs,8. Hurtos,555.0,38490.0,1.44
Castelldefels,11. Resto de criminalidad convencional,545.0,69450.0,0.78
Sitges,8. Hurtos,538.0,32405.0,1.66
Viladecans,11. Resto de criminalidad convencional,536.0,67348.0,0.8
Sant Vicenç dels Horts,I. CRIMINALIDAD CONVENCIONAL,529.0,28568.0,1.85
Calella,III. TOTAL INFRACCIONES PENALES,526.0,20369.0,2.58
Vilafranca del Penedès,11. Resto de criminalidad convencional,526.0,41504.0,1.27
Sant Cugat del Vallès,II. CIBERCRIMINALIDAD (infracciones penales cometidas en/por medio ciber),519.0,98621.0,0.53
Santa Perpètua de Mogoda,I. CRIMINALIDAD CONVENCIONAL,516.0,25960.0,1.99
Sant Joan Despí,I. CRIMINALIDAD CONVENCIONAL,515.0,35083.0,1.47
Premià de Mar,I. CRIMINALIDAD CONVENCIONAL,503.0,28951.0,1.74
Vic,11. Resto de criminalidad convencional,501.0,49530.0,1.01
Barcelona,3. Delitos graves y menos graves de lesiones y riña tumultuaria,497.0,1702547.0,0.03
Sant Cugat del Vallès,12.-Estafas informáticas,481.0,98621.0,0.49
Molins de Rei,III. TOTAL INFRACCIONES PENALES,474.0,26948.0,1.76
Granollers,8. Hurtos,473.0,64181.0,0.74
Cerdanyola del Vallès,11. Resto de criminalidad convencional,468.0,58100.0,0.81
Castelldefels,8. Hurtos,462.0,69450.0,0.67
Sant Pere de Ribes,III. TOTAL INFRACCIONES PENALES,458.0,32121.0,1.43
Barcelona,5.2.-Resto de delitos contra la libertad sexual,453.0,1702547.0,0.03
Cornellà de Llobregat,II. CIBERCRIMINALIDAD (infracciones penales cometidas en/por medio ciber),445.0,91589.0,0.49
Sant Boi de Llobregat,II. CIBERCRIMINALIDAD (infracciones penales cometidas en/por medio ciber),444.0,84831.0,0.52
Gavà,11. Resto de criminalidad convencional,437.0,48007.0,0.91
Barberà del Vallès,11. Resto de criminalidad convencional,431.0,33575.0,1.28
Manresa,II. CIBERCRIMINALIDAD (infracciones penales cometidas en/por medio ciber),425.0,80201.0,0.53
Santa Coloma de Gramenet,II. CIBERCRIMINALIDAD (infracciones penales cometidas en/por medio ciber),420.0,121203.0,0.35
Vilafranca del Penedès,8. Hurtos,416.0,41504.0,1.0
Viladecans,8. Hurtos,413.0,67348.0,0.61
Masnou (El),III. TOTAL INFRACCIONES PENALES,411.0,24479.0,1.68
Calella,I. CRIMINALIDAD CONVENCIONAL,406.0,20369.0,1.99
Manresa,12.-Estafas informáticas,403.0,80201.0,0.5
Sant Boi de Llobregat,12.-Estafas informáticas,399.0,84831.0,0.47
Sant Feliu de Llobregat,11. Resto de criminalidad convencional,397.0,46554.0,0.85
Cornellà de Llobregat,12.-Estafas informáticas,396.0,91589.0,0.43
Santa Coloma de Gramenet,12.-Estafas informáticas,391.0,121203.0,0.32
Vilanova i la Geltrú,II. CIBERCRIMINALIDAD (infracciones penales cometidas en/por medio ciber),386.0,70418.0,0.55
Molins de Rei,I. CRIMINALIDAD CONVENCIONAL,375.0,26948.0,1.39
Vilanova i la Geltrú,12.-Estafas informáticas,355.0,70418.0,0.5
Rubí,II. CIBERCRIMINALIDAD (infracciones penales cometidas en/por medio ciber),354.0,81532.0,0.43
Prat de Llobregat (El),II. CIBERCRIMINALIDAD (infracciones penales cometidas en/por medio ciber),352.0,66184.0,0.53
Vic,8. Hurtos,349.0,49530.0,0.7
Viladecans,II. CIBERCRIMINALIDAD (infracciones penales cometidas en/por medio ciber),348.0,67348.0,0.52
Martorell,11. Resto de criminalidad convencional,347.0,28507.0,1.22
Igualada,11. Resto de criminalidad convencional,346.0,41466.0,0.83
Gavà,8. Hurtos,336.0,48007.0,0.7
Rubí,12.-Estafas informáticas,333.0,81532.0,0.41
Rubí,8. Hurtos,327.0,81532.0,0.4
Hospitalet de Llobregat (L'),"7. Robos con fuerza en domicilios, establecimientos y otras instalaciones",326.0,279993.0,0.12
Ripollet,11. Resto de criminalidad convencional,318.0,39462.0,0.81
Prat de Llobregat (El),12.-Estafas informáticas,316.0,66184.0,0.48
Sant Vicenç dels Horts,11. Resto de criminalidad convencional,315.0,28568.0,1.1
Pineda de Mar,11. Resto de criminalidad convencional,314.0,29455.0,1.07
Sant Pere de Ribes,I. CRIMINALIDAD CONVENCIONAL,314.0,32121.0,0.98
Sant Just Desvern,III. TOTAL INFRACCIONES PENALES,311.0,20881.0,1.49
Vilassar de Mar,III. TOTAL INFRACCIONES PENALES,308.0,21162.0,1.46
Cerdanyola del Vallès,8. Hurtos,303.0,58100.0,0.52
Sant Andreu de la Barca,III. TOTAL INFRACCIONES PENALES,301.0,27062.0,1.11
Viladecans,12.-Estafas informáticas,300.0,67348.0,0.45
Masnou (El),I. CRIMINALIDAD CONVENCIONAL,300.0,24479.0,1.23
Castelldefels,II. CIBERCRIMINALIDAD (infracciones penales cometidas en/por medio ciber),294.0,69450.0,0.42
Les Franqueses del Vallès,III. TOTAL INFRACCIONES PENALES,294.0,20715.0,1.42
Premià de Mar,11. Resto de criminalidad convencional,291.0,28951.0,1.01
Barberà del Vallès,8. Hurtos,287.0,33575.0,0.85
Sant Quirze del Vallès,III. TOTAL INFRACCIONES PENALES,284.0,20161.0,1.41
Montcada i Reixac,8. Hurtos,281.0,37153.0,0.76
Prat de Llobregat (El),9. Sustracciones de vehículos,269.0,66184.0,0.41
Castelldefels,12.-Estafas informáticas,260.0,69450.0,0.37
Sant Joan Despí,11. Resto de criminalidad convencional,260.0,35083.0,0.74
Mollet del Vallès,8. Hurtos,250.0,52283.0,0.48
Barcelona,5.1.-Agresión sexual con penetración,245.0,1702547.0,0.01
Sabadell,"7. Robos con fuerza en domicilios, establecimientos y otras instalaciones",239.0,222177.0,0.11
Santa Perpètua de Mogoda,11. Resto de criminalidad convencional,238.0,25960.0,0.92
Mollet del Vallès,II. CIBERCRIMINALIDAD (infracciones penales cometidas en/por medio ciber),238.0,52283.0,0.46
Sant Quirze del Vallès,I. CRIMINALIDAD CONVENCIONAL,234.0,20161.0,1.16
Cerdanyola del Vallès,II. CIBERCRIMINALIDAD (infracciones penales cometidas en/por medio ciber),234.0,58100.0,0.4
Sant Feliu de Llobregat,II. CIBERCRIMINALIDAD (infracciones penales cometidas en/por medio ciber),233.0,46554.0,0.5
Esparreguera,III. TOTAL INFRACCIONES PENALES,231.0,22550.0,1.02
Gavà,II. CIBERCRIMINALIDAD (infracciones penales cometidas en/por medio ciber),228.0,48007.0,0.47
Esplugues de Llobregat,II. CIBERCRIMINALIDAD (infracciones penales cometidas en/por medio ciber),226.0,47613.0,0.47
Les Franqueses del Vallès,I. CRIMINALIDAD CONVENCIONAL,225.0,20715.0,1.09
Granollers,II. CIBERCRIMINALIDAD (infracciones penales cometidas en/por medio ciber),223.0,64181.0,0.35
Sant Feliu de Llobregat,12.-Estafas informáticas,220.0,46554.0,0.47
Sant Feliu de Llobregat,8. Hurtos,216.0,46554.0,0.46
Mollet del Vallès,12.-Estafas informáticas,216.0,52283.0,0.41
Sant Andreu de la Barca,I. CRIMINALIDAD CONVENCIONAL,216.0,27062.0,0.8
Gavà,12.-Estafas informáticas,215.0,48007.0,0.45
Cornellà de Llobregat,6. Robos con violencia e intimidación,214.0,91589.0,0.23
Vilassar de Mar,I. CRIMINALIDAD CONVENCIONAL,214.0,21162.0,1.01
Vilafranca del Penedès,II. CIBERCRIMINALIDAD (infracciones penales cometidas en/por medio ciber),212.0,41504.0,0.51
Granollers,12.-Estafas informáticas,212.0,64181.0,0.33
Cerdanyola del Vallès,12.-Estafas informáticas,211.0,58100.0,0.36
Olesa de Montserrat,III. TOTAL INFRACCIONES PENALES,209.0,24677.0,0.85
Esplugues de Llobregat,12.-Estafas informáticas,209.0,47613.0,0.44
Terrassa,"7. Robos con fuerza en domicilios, establecimientos y otras instalaciones",209.0,228708.0,0.09
Sant Just Desvern,I. CRIMINALIDAD CONVENCIONAL,208.0,20881.0,1.0
Igualada,II. CIBERCRIMINALIDAD (infracciones penales cometidas en/por medio ciber),202.0,41466.0,0.49
Pineda de Mar,II. CIBERCRIMINALIDAD (infracciones penales cometidas en/por medio ciber),201.0,29455.0,0.68
Martorell,8. Hurtos,200.0,28507.0,0.7
Santa Coloma de Gramenet,6. Robos con violencia e intimidación,200.0,121203.0,0.17
Vilafranca del Penedès,12.-Estafas informáticas,199.0,41504.0,0.48
Mataró,6. Robos con violencia e intimidación,199.0,131798.0,0.15
Castellar del Vallès,III. TOTAL INFRACCIONES PENALES,199.0,25322.0,0.79
Pineda de Mar,12.-Estafas informáticas,195.0,29455.0,0.66
Montcada i Reixac,II. CIBERCRIMINALIDAD (infracciones penales cometidas en/por medio ciber),195.0,37153.0,0.52
Calella,11. Resto de criminalidad convencional,193.0,20369.0,0.95
Igualada,8. Hurtos,193.0,41466.0,0.47
Badalona,"7. Robos con fuerza en domicilios, establecimientos y otras instalaciones",193.0,227083.0,0.08
Molins de Rei,11. Resto de criminalidad convencional,188.0,26948.0,0.7
Sant Adrià de Besòs,6. Robos con violencia e intimidación,188.0,38490.0,0.49
Sant Pere de Ribes,11. Resto de criminalidad convencional,186.0,32121.0,0.58
Ripollet,II. CIBERCRIMINALIDAD (infracciones penales cometidas en/por medio ciber),185.0,39462.0,0.47
Sant Adrià de Besòs,II. CIBERCRIMINALIDAD (infracciones penales cometidas en/por medio ciber),185.0,38490.0,0.48
Igualada,12.-Estafas informáticas,183.0,41466.0,0.44
Sabadell,6. Robos con violencia e intimidación,181.0,222177.0,0.08
Vic,II. CIBERCRIMINALIDAD (infracciones penales cometidas en/por medio ciber),180.0,49530.0,0.36
Pineda de Mar,8. Hurtos,177.0,29455.0,0.6
Hospitalet de Llobregat (L'),7.1.-Robos con fuerza en domicilios,173.0,279993.0,0.06
Sant Adrià de Besòs,12.-Estafas informáticas,171.0,38490.0,0.44
Mataró,"7. Robos con fuerza en domicilios, establecimientos y otras instalaciones",170.0,131798.0,0.13
Manlleu,III. TOTAL INFRACCIONES PENALES,170.0,21348.0,0.8
Vic,12.-Estafas informáticas,168.0,49530.0,0.34
Montcada i Reixac,12.-Estafas informáticas,167.0,37153.0,0.45
Sant Joan Despí,8. Hurtos,166.0,35083.0,0.47
Ripollet,12.-Estafas informáticas,165.0,39462.0,0.42
Sant Vicenç dels Horts,II. CIBERCRIMINALIDAD (infracciones penales cometidas en/por medio ciber),162.0,28568.0,0.57
Ripollet,8. Hurtos,159.0,39462.0,0.4
Premià de Mar,II. CIBERCRIMINALIDAD (infracciones penales cometidas en/por medio ciber),157.0,28951.0,0.54
Prat de Llobregat (El),10. Tráfico de drogas,155.0,66184.0,0.23
Sitges,II. CIBERCRIMINALIDAD (infracciones penales cometidas en/por medio ciber),155.0,32405.0,0.48
Olesa de Montserrat,I. CRIMINALIDAD CONVENCIONAL,155.0,24677.0,0.63
Sant Joan Despí,II. CIBERCRIMINALIDAD (infracciones penales cometidas en/por medio ciber),152.0,35083.0,0.43
Sant Andreu de la Barca,11. Resto de criminalidad convencional,151.0,27062.0,0.56
Hospitalet de Llobregat (L'),9. Sustracciones de vehículos,151.0,279993.0,0.05
Esparreguera,I. CRIMINALIDAD CONVENCIONAL,149.0,22550.0,0.66
Sant Vicenç dels Horts,12.-Estafas informáticas,149.0,28568.0,0.52
Calella,8. Hurtos,148.0,20369.0,0.73
Santa Perpètua de Mogoda,8. Hurtos,148.0,25960.0,0.57
Sitges,12.-Estafas informáticas,147.0,32405.0,0.45
Sant Pere de Ribes,II. CIBERCRIMINALIDAD (infracciones penales cometidas en/por medio ciber),144.0,32121.0,0.45
Masnou (El),11. Resto de criminalidad convencional,142.0,24479.0,0.58
Les Franqueses del Vallès,11. Resto de criminalidad convencional,138.0,20715.0,0.67
Manlleu,I. CRIMINALIDAD CONVENCIONAL,137.0,21348.0,0.64
Sant Joan Despí,12.-Estafas informáticas,136.0,35083.0,0.39
Martorell,II. CIBERCRIMINALIDAD (infracciones penales cometidas en/por medio ciber),135.0,28507.0,0.47
Terrassa,6. Robos con violencia e intimidación,135.0,228708.0,0.06
Sant Cugat del Vallès,"7. Robos con fuerza en domicilios, establecimientos y otras instalaciones",132.0,98621.0,0.13
Vic,"7. Robos con fuerza en domicilios, establecimientos y otras instalaciones",132.0,49530.0,0.27
Badalona,7.1.-Robos con fuerza en domicilios,132.0,227083.0,0.06
Sant Pere de Ribes,12.-Estafas informáticas,132.0,32121.0,0.41
Premià de Mar,12.-Estafas informáticas,132.0,28951.0,0.46
Terrassa,7.1.-Robos con fuerza en domicilios,130.0,228708.0,0.06
Premià de Mar,8. Hurtos,130.0,28951.0,0.45
Sant Quirze del Vallès,11. Resto de criminalidad convencional,128.0,20161.0,0.63
Castellar del Vallès,I. CRIMINALIDAD CONVENCIONAL,125.0,25322.0,0.49
Martorell,12.-Estafas informáticas,125.0,28507.0,0.44
Santa Perpètua de Mogoda,II. CIBERCRIMINALIDAD (infracciones penales cometidas en/por medio ciber),122.0,25960.0,0.47
Mataró,7.1.-Robos con fuerza en domicilios,120.0,131798.0,0.09
Barberà del Vallès,II. CIBERCRIMINALIDAD (infracciones penales cometidas en/por medio ciber),120.0,33575.0,0.36
Calella,II. CIBERCRIMINALIDAD (infracciones penales cometidas en/por medio ciber),120.0,20369.0,0.59
Sabadell,9. Sustracciones de vehículos,118.0,222177.0,0.05
Barberà del Vallès,12.-Estafas informáticas,115.0,33575.0,0.34
Sant Vicenç dels Horts,8. Hurtos,114.0,28568.0,0.4
Sabadell,7.1.-Robos con fuerza en domicilios,113.0,222177.0,0.05
Vilassar de Mar,11. Resto de criminalidad convencional,112.0,21162.0,0.53
Masnou (El),II. CIBERCRIMINALIDAD (infracciones penales cometidas en/por medio ciber),111.0,24479.0,0.45
Santa Perpètua de Mogoda,12.-Estafas informáticas,108.0,25960.0,0.42
Molins de Rei,8. Hurtos,107.0,26948.0,0.4
Manresa,"7. Robos con fuerza en domicilios, establecimientos y otras instalaciones",106.0,80201.0,0.13
Sant Just Desvern,11. Resto de criminalidad convencional,105.0,20881.0,0.5
Sant Just Desvern,II. CIBERCRIMINALIDAD (infracciones penales cometidas en/por medio ciber),103.0,20881.0,0.49
Badalona,13.-Otros ciberdelitos,103.0,227083.0,0.05
Sant Cugat del Vallès,7.1.-Robos con fuerza en domicilios,102.0,98621.0,0.1
Calella,12.-Estafas informáticas,100.0,20369.0,0.49
Masnou (El),12.-Estafas informáticas,100.0,24479.0,0.41
Badalona,9. Sustracciones de vehículos,100.0,227083.0,0.04
Cornellà de Llobregat,"7. Robos con fuerza en domicilios, establecimientos y otras instalaciones",100.0,91589.0,0.11
Molins de Rei,II. CIBERCRIMINALIDAD (infracciones penales cometidas en/por medio ciber),99.0,26948.0,0.37
Terrassa,13.-Otros ciberdelitos,99.0,228708.0,0.04
Masnou (El),8. Hurtos,98.0,24479.0,0.4
Hospitalet de Llobregat (L'),5. Delitos contra la libertad sexual,98.0,279993.0,0.04
Rubí,"7. Robos con fuerza en domicilios, establecimientos y otras instalaciones",95.0,81532.0,0.12
Vilassar de Mar,II. CIBERCRIMINALIDAD (infracciones penales cometidas en/por medio ciber),94.0,21162.0,0.44
Sant Just Desvern,12.-Estafas informáticas,93.0,20881.0,0.45
Olesa de Montserrat,11. Resto de criminalidad convencional,93.0,24677.0,0.38
Terrassa,9. Sustracciones de vehículos,92.0,228708.0,0.04
Mataró,9. Sustracciones de vehículos,91.0,131798.0,0.07
Sant Boi de Llobregat,"7. Robos con fuerza en domicilios, establecimientos y otras instalaciones",90.0,84831.0,0.11
Hospitalet de Llobregat (L'),13.-Otros ciberdelitos,90.0,279993.0,0.03
Molins de Rei,12.-Estafas informáticas,88.0,26948.0,0.33
Hospitalet de Llobregat (L'),3. Delitos graves y menos graves de lesiones y riña tumultuaria,87.0,279993.0,0.03
Sabadell,13.-Otros ciberdelitos,86.0,222177.0,0.04
Vilanova i la Geltrú,"7. Robos con fuerza en domicilios, establecimientos y otras instalaciones",86.0,70418.0,0.12
Manlleu,11. Resto de criminalidad convencional,86.0,21348.0,0.4
Vilassar de Mar,12.-Estafas informáticas,86.0,21162.0,0.41
Sant Andreu de la Barca,II. CIBERCRIMINALIDAD (infracciones penales cometidas en/por medio ciber),85.0,27062.0,0.31
Esparreguera,II. CIBERCRIMINALIDAD (infracciones penales cometidas en/por medio ciber),82.0,22550.0,0.36
Prat de Llobregat (El),6. Robos con violencia e intimidación,80.0,66184.0,0.12
Esplugues de Llobregat,6. Robos con violencia e intimidación,78.0,47613.0,0.16
Sant Pere de Ribes,8. Hurtos,76.0,32121.0,0.24
Esparreguera,11. Resto de criminalidad convencional,75.0,22550.0,0.33
Sant Andreu de la Barca,12.-Estafas informáticas,74.0,27062.0,0.27
Castellar del Vallès,II. CIBERCRIMINALIDAD (infracciones penales cometidas en/por medio ciber),74.0,25322.0,0.29
Castelldefels,"7. Robos con fuerza en domicilios, establecimientos y otras instalaciones",73.0,69450.0,0.11
Barberà del Vallès,"7. Robos con fuerza en domicilios, establecimientos y otras instalaciones",72.0,33575.0,0.21
Esparreguera,12.-Estafas informáticas,70.0,22550.0,0.31
Esplugues de Llobregat,"7. Robos con fuerza en domicilios, establecimientos y otras instalaciones",70.0,47613.0,0.15
Les Franqueses del Vallès,II. CIBERCRIMINALIDAD (infracciones penales cometidas en/por medio ciber),69.0,20715.0,0.33
Granollers,6. Robos con violencia e intimidación,68.0,64181.0,0.11
Les Franqueses del Vallès,12.-Estafas informáticas,68.0,20715.0,0.33
Mataró,13.-Otros ciberdelitos,68.0,131798.0,0.05
Vilanova i la Geltrú,7.1.-Robos con fuerza en domicilios,68.0,70418.0,0.1
Sant Quirze del Vallès,8. Hurtos,67.0,20161.0,0.33
Santa Coloma de Gramenet,"7. Robos con fuerza en domicilios, establecimientos y otras instalaciones",66.0,121203.0,0.05
Sant Boi de Llobregat,9. Sustracciones de vehículos,66.0,84831.0,0.08
Vic,7.1.-Robos con fuerza en domicilios,65.0,49530.0,0.13
Castellar del Vallès,11. Resto de criminalidad convencional,64.0,25322.0,0.25
Cornellà de Llobregat,7.1.-Robos con fuerza en domicilios,62.0,91589.0,0.07
Vilafranca del Penedès,"7. Robos con fuerza en domicilios, establecimientos y otras instalaciones",62.0,41504.0,0.15
Cerdanyola del Vallès,"7. Robos con fuerza en domicilios, establecimientos y otras instalaciones",62.0,58100.0,0.11
Sitges,"7. Robos con fuerza en domicilios, establecimientos y otras instalaciones",61.0,32405.0,0.19
Santa Perpètua de Mogoda,10. Tráfico de drogas,60.0,25960.0,0.23
Castellar del Vallès,12.-Estafas informáticas,60.0,25322.0,0.24
Vilassar de Mar,8. Hurtos,59.0,21162.0,0.28
Montcada i Reixac,"7. Robos con fuerza en domicilios, establecimientos y otras instalaciones",59.0,37153.0,0.16
Manresa,7.1.-Robos con fuerza en domicilios,59.0,80201.0,0.07
Granollers,"7. Robos con fuerza en domicilios, establecimientos y otras instalaciones",59.0,64181.0,0.09
Les Franqueses del Vallès,8. Hurtos,59.0,20715.0,0.28
Vilanova i la Geltrú,6. Robos con violencia e intimidación,58.0,70418.0,0.08
Sant Boi de Llobregat,6. Robos con violencia e intimidación,57.0,84831.0,0.07
Sant Just Desvern,8. Hurtos,57.0,20881.0,0.27
Sabadell,5. Delitos contra la libertad sexual,57.0,222177.0,0.03
Viladecans,"7. Robos con fuerza en domicilios, establecimientos y otras instalaciones",57.0,67348.0,0.08
Badalona,5. Delitos contra la libertad sexual,57.0,227083.0,0.03
Igualada,"7. Robos con fuerza en domicilios, establecimientos y otras instalaciones",56.0,41466.0,0.14
Ripollet,"7. Robos con fuerza en domicilios, establecimientos y otras instalaciones",56.0,39462.0,0.14
Sant Adrià de Besòs,"7. Robos con fuerza en domicilios, establecimientos y otras instalaciones",56.0,38490.0,0.15
Sant Boi de Llobregat,7.1.-Robos con fuerza en domicilios,55.0,84831.0,0.06
Olesa de Montserrat,II. CIBERCRIMINALIDAD (infracciones penales cometidas en/por medio ciber),54.0,24677.0,0.22
Rubí,7.1.-Robos con fuerza en domicilios,54.0,81532.0,0.07
Gavà,"7. Robos con fuerza en domicilios, establecimientos y otras instalaciones",53.0,48007.0,0.11
Hospitalet de Llobregat (L'),5.2.-Resto de delitos contra la libertad sexual,53.0,279993.0,0.02
Cornellà de Llobregat,9. Sustracciones de vehículos,53.0,91589.0,0.06
Castelldefels,7.1.-Robos con fuerza en domicilios,53.0,69450.0,0.08
Hospitalet de Llobregat (L'),10. Tráfico de drogas,52.0,279993.0,0.02
Martorell,"7. Robos con fuerza en domicilios, establecimientos y otras instalaciones",52.0,28507.0,0.18
Manresa,6. Robos con violencia e intimidación,52.0,80201.0,0.06
Sant Cugat del Vallès,6. Robos con violencia e intimidación,51.0,98621.0,0.05
Sitges,7.1.-Robos con fuerza en domicilios,51.0,32405.0,0.16
Terrassa,5. Delitos contra la libertad sexual,51.0,228708.0,0.02
Sant Quirze del Vallès,II. CIBERCRIMINALIDAD (infracciones penales cometidas en/por medio ciber),50.0,20161.0,0.25
Badalona,10. Tráfico de drogas,49.0,227083.0,0.02
Cornellà de Llobregat,13.-Otros ciberdelitos,49.0,91589.0,0.05
Santa Coloma de Gramenet,7.1.-Robos con fuerza en domicilios,49.0,121203.0,0.04
Viladecans,13.-Otros ciberdelitos,48.0,67348.0,0.07
Badalona,3. Delitos graves y menos graves de lesiones y riña tumultuaria,48.0,227083.0,0.02
Olesa de Montserrat,12.-Estafas informáticas,47.0,24677.0,0.19
Rubí,6. Robos con violencia e intimidación,47.0,81532.0,0.06
Cerdanyola del Vallès,7.1.-Robos con fuerza en domicilios,45.0,58100.0,0.08
Hospitalet de Llobregat (L'),5.1.-Agresión sexual con penetración,45.0,279993.0,0.02
Sant Boi de Llobregat,13.-Otros ciberdelitos,45.0,84831.0,0.05
Sant Quirze del Vallès,12.-Estafas informáticas,45.0,20161.0,0.22
Vilafranca del Penedès,6. Robos con violencia e intimidación,45.0,41504.0,0.11
Premià de Mar,"7. Robos con fuerza en domicilios, establecimientos y otras instalaciones",44.0,28951.0,0.15
Montcada i Reixac,6. Robos con violencia e intimidación,44.0,37153.0,0.12
Sant Feliu de Llobregat,"7. Robos con fuerza en domicilios, establecimientos y otras instalaciones",43.0,46554.0,0.09
Manresa,9. Sustracciones de vehículos,43.0,80201.0,0.05
Terrassa,3. Delitos graves y menos graves de lesiones y riña tumultuaria,42.0,228708.0,0.02
Mollet del Vallès,"7. Robos con fuerza en domicilios, establecimientos y otras instalaciones",41.0,52283.0,0.08
Olesa de Montserrat,8. Hurtos,41.0,24677.0,0.17
Santa Coloma de Gramenet,9. Sustracciones de vehículos,41.0,121203.0,0.03
Rubí,9. Sustracciones de vehículos,39.0,81532.0,0.05
Molins de Rei,"7. Robos con fuerza en domicilios, establecimientos y otras instalaciones",39.0,26948.0,0.14
Mollet del Vallès,6. Robos con violencia e intimidación,39.0,52283.0,0.07
Sant Cugat del Vallès,13.-Otros ciberdelitos,38.0,98621.0,0.04
Sant Cugat del Vallès,9. Sustracciones de vehículos,38.0,98621.0,0.04
Esparreguera,8. Hurtos,38.0,22550.0,0.17
Sant Feliu de Llobregat,9. Sustracciones de vehículos,37.0,46554.0,0.08
Viladecans,7.1.-Robos con fuerza en domicilios,37.0,67348.0,0.05
Mataró,3. Delitos graves y menos graves de lesiones y riña tumultuaria,37.0,131798.0,0.03
Esplugues de Llobregat,7.1.-Robos con fuerza en domicilios,37.0,47613.0,0.08
Prat de Llobregat (El),13.-Otros ciberdelitos,36.0,66184.0,0.05
Ripollet,7.1.-Robos con fuerza en domicilios,36.0,39462.0,0.09
Montcada i Reixac,9. Sustracciones de vehículos,36.0,37153.0,0.1
Castellar del Vallès,8. Hurtos,35.0,25322.0,0.14
Viladecans,9. Sustracciones de vehículos,35.0,67348.0,0.05
Sitges,6. Robos con violencia e intimidación,35.0,32405.0,0.11
Sant Feliu de Llobregat,6. Robos con violencia e intimidación,35.0,46554.0,0.08
Mataró,5. Delitos contra la libertad sexual,35.0,131798.0,0.03
Barberà del Vallès,6. Robos con violencia e intimidación,35.0,33575.0,0.1
Sant Vicenç dels Horts,"7. Robos con fuerza en domicilios, establecimientos y otras instalaciones",34.0,28568.0,0.12
Castelldefels,13.-Otros ciberdelitos,34.0,69450.0,0.05
Prat de Llobregat (El),"7. Robos con fuerza en domicilios, establecimientos y otras instalaciones",33.0,66184.0,0.05
Castelldefels,6. Robos con violencia e intimidación,33.0,69450.0,0.05
Manlleu,II. CIBERCRIMINALIDAD (infracciones penales cometidas en/por medio ciber),33.0,21348.0,0.15
Pineda de Mar,"7. Robos con fuerza en domicilios, establecimientos y otras instalaciones",33.0,29455.0,0.11
Sabadell,5.2.-Resto de delitos contra la libertad sexual,32.0,222177.0,0.01
Sant Andreu de la Barca,8. Hurtos,32.0,27062.0,0.12
Montcada i Reixac,7.1.-Robos con fuerza en domicilios,32.0,37153.0,0.09
Sant Joan Despí,9. Sustracciones de vehículos,32.0,35083.0,0.09
Martorell,6. Robos con violencia e intimidación,32.0,28507.0,0.11
Gavà,7.1.-Robos con fuerza en domicilios,32.0,48007.0,0.07
Vilanova i la Geltrú,13.-Otros ciberdelitos,31.0,70418.0,0.04
Manresa,3. Delitos graves y menos graves de lesiones y riña tumultuaria,31.0,80201.0,0.04
Manlleu,12.-Estafas informáticas,31.0,21348.0,0.15
Sabadell,10. Tráfico de drogas,31.0,222177.0,0.01
Cornellà de Llobregat,10. Tráfico de drogas,31.0,91589.0,0.03
Vilafranca del Penedès,7.1.-Robos con fuerza en domicilios,31.0,41504.0,0.07
Vic,6. Robos con violencia e intimidación,30.0,49530.0,0.06
Pineda de Mar,7.1.-Robos con fuerza en domicilios,30.0,29455.0,0.1
Granollers,9. Sustracciones de vehículos,30.0,64181.0,0.05
Badalona,5.2.-Resto de delitos contra la libertad sexual,29.0,227083.0,0.01
Sant Feliu de Llobregat,7.1.-Robos con fuerza en domicilios,29.0,46554.0,0.06
Viladecans,6. Robos con violencia e intimidación,29.0,67348.0,0.04
Mollet del Vallès,7.1.-Robos con fuerza en domicilios,29.0,52283.0,0.06
Santa Coloma de Gramenet,5. Delitos contra la libertad sexual,29.0,121203.0,0.02
Igualada,7.1.-Robos con fuerza en domicilios,29.0,41466.0,0.07
Granollers,7.1.-Robos con fuerza en domicilios,29.0,64181.0,0.05
Sabadell,3. Delitos graves y menos graves de lesiones y riña tumultuaria,29.0,222177.0,0.01
Santa Coloma de Gramenet,13.-Otros ciberdelitos,29.0,121203.0,0.02
Cerdanyola del Vallès,6. Robos con violencia e intimidación,29.0,58100.0,0.05
Montcada i Reixac,13.-Otros ciberdelitos,28.0,37153.0,0.08
Badalona,5.1.-Agresión sexual con penetración,28.0,227083.0,0.01
Santa Coloma de Gramenet,3. Delitos graves y menos graves de lesiones y riña tumultuaria,27.0,121203.0,0.02
Barberà del Vallès,7.1.-Robos con fuerza en domicilios,27.0,33575.0,0.08
Masnou (El),"7. Robos con fuerza en domicilios, establecimientos y otras instalaciones",27.0,24479.0,0.11
Vilafranca del Penedès,9. Sustracciones de vehículos,26.0,41504.0,0.06
Esplugues de Llobregat,9. Sustracciones de vehículos,26.0,47613.0,0.05
Vilanova i la Geltrú,3. Delitos graves y menos graves de lesiones y riña tumultuaria,26.0,70418.0,0.04
Sant Adrià de Besòs,7.1.-Robos con fuerza en domicilios,26.0,38490.0,0.07
Sant Joan Despí,6. Robos con violencia e intimidación,26.0,35083.0,0.07
Terrassa,5.1.-Agresión sexual con penetración,26.0,228708.0,0.01
Calella,6. Robos con violencia e intimidación,26.0,20369.0,0.13
Sant Adrià de Besòs,9. Sustracciones de vehículos,25.0,38490.0,0.06
Terrassa,5.2.-Resto de delitos contra la libertad sexual,25.0,228708.0,0.01
Sabadell,5.1.-Agresión sexual con penetración,25.0,222177.0,0.01
Mataró,10. Tráfico de drogas,25.0,131798.0,0.02
Premià de Mar,7.1.-Robos con fuerza en domicilios,25.0,28951.0,0.09
Premià de Mar,13.-Otros ciberdelitos,25.0,28951.0,0.09
Vilanova i la Geltrú,9. Sustracciones de vehículos,24.0,70418.0,0.03
Sant Just Desvern,"7. Robos con fuerza en domicilios, establecimientos y otras instalaciones",24.0,20881.0,0.11
Santa Perpètua de Mogoda,6. Robos con violencia e intimidación,24.0,25960.0,0.09
Castelldefels,9. Sustracciones de vehículos,23.0,69450.0,0.03
Rubí,5. Delitos contra la libertad sexual,23.0,81532.0,0.03
Sant Vicenç dels Horts,6. Robos con violencia e intimidación,23.0,28568.0,0.08
Molins de Rei,7.1.-Robos con fuerza en domicilios,23.0,26948.0,0.09
Cerdanyola del Vallès,13.-Otros ciberdelitos,23.0,58100.0,0.04
Manresa,13.-Otros ciberdelitos,22.0,80201.0,0.03
Mollet del Vallès,13.-Otros ciberdelitos,22.0,52283.0,0.04
Prat de Llobregat (El),3. Delitos graves y menos graves de lesiones y riña tumultuaria,22.0,66184.0,0.03
Manresa,5. Delitos contra la libertad sexual,22.0,80201.0,0.03
Manlleu,8. Hurtos,22.0,21348.0,0.1
Mataró,5.2.-Resto de delitos contra la libertad sexual,22.0,131798.0,0.02
Santa Perpètua de Mogoda,"7. Robos con fuerza en domicilios, establecimientos y otras instalaciones",22.0,25960.0,0.08
Cornellà de Llobregat,5. Delitos contra la libertad sexual,22.0,91589.0,0.02
Sant Joan Despí,"7. Robos con fuerza en domicilios, establecimientos y otras instalaciones",21.0,35083.0,0.06
Prat de Llobregat (El),5. Delitos contra la libertad sexual,21.0,66184.0,0.03
Rubí,13.-Otros ciberdelitos,21.0,81532.0,0.03
Barcelona,2. Homicidios dolosos y asesinatos en grado tentativa,21.0,1702547.0,0.0
Granollers,3. Delitos graves y menos graves de lesiones y riña tumultuaria,21.0,64181.0,0.03
Molins de Rei,9. Sustracciones de vehículos,21.0,26948.0,0.08
Castelldefels,3. Delitos graves y menos graves de lesiones y riña tumultuaria,21.0,69450.0,0.03
Masnou (El),7.1.-Robos con fuerza en domicilios,20.0,24479.0,0.08
Barberà del Vallès,9. Sustracciones de vehículos,20.0,33575.0,0.06
Calella,13.-Otros ciberdelitos,20.0,20369.0,0.1
Sitges,9. Sustracciones de vehículos,20.0,32405.0,0.06
Ripollet,9. Sustracciones de vehículos,20.0,39462.0,0.05
Ripollet,13.-Otros ciberdelitos,20.0,39462.0,0.05
Vic,5. Delitos contra la libertad sexual,19.0,49530.0,0.04
Igualada,13.-Otros ciberdelitos,19.0,41466.0,0.05
Mollet del Vallès,9. Sustracciones de vehículos,19.0,52283.0,0.04
Pineda de Mar,6. Robos con violencia e intimidación,19.0,29455.0,0.06
Martorell,7.1.-Robos con fuerza en domicilios,19.0,28507.0,0.07
Cornellà de Llobregat,3. Delitos graves y menos graves de lesiones y riña tumultuaria,19.0,91589.0,0.02
Igualada,6. Robos con violencia e intimidación,19.0,41466.0,0.05
Igualada,9. Sustracciones de vehículos,19.0,41466.0,0.05
Premià de Mar,6. Robos con violencia e intimidación,19.0,28951.0,0.07
Sant Adrià de Besòs,5. Delitos contra la libertad sexual,18.0,38490.0,0.05
Sant Vicenç dels Horts,7.1.-Robos con fuerza en domicilios,18.0,28568.0,0.06
Sant Just Desvern,7.1.-Robos con fuerza en domicilios,18.0,20881.0,0.09
Esplugues de Llobregat,13.-Otros ciberdelitos,17.0,47613.0,0.04
Cerdanyola del Vallès,9. Sustracciones de vehículos,17.0,58100.0,0.03
Sant Cugat del Vallès,3. Delitos graves y menos graves de lesiones y riña tumultuaria,17.0,98621.0,0.02
Vilanova i la Geltrú,5. Delitos contra la libertad sexual,17.0,70418.0,0.02
Sitges,3. Delitos graves y menos graves de lesiones y riña tumultuaria,17.0,32405.0,0.05
Prat de Llobregat (El),7.1.-Robos con fuerza en domicilios,17.0,66184.0,0.03
Terrassa,10. Tráfico de drogas,16.0,228708.0,0.01
Sant Adrià de Besòs,3. Delitos graves y menos graves de lesiones y riña tumultuaria,16.0,38490.0,0.04
Santa Coloma de Gramenet,5.1.-Agresión sexual con penetración,16.0,121203.0,0.01
Sant Joan Despí,13.-Otros ciberdelitos,16.0,35083.0,0.05
Ripollet,6. Robos con violencia e intimidación,16.0,39462.0,0.04
Sant Vicenç dels Horts,9. Sustracciones de vehículos,16.0,28568.0,0.06
Vilassar de Mar,6. Robos con violencia e intimidación,16.0,21162.0,0.08
Granollers,5. Delitos contra la libertad sexual,16.0,64181.0,0.02
Sant Boi de Llobregat,3. Delitos graves y menos graves de lesiones y riña tumultuaria,16.0,84831.0,0.02
Sant Cugat del Vallès,5. Delitos contra la libertad sexual,15.0,98621.0,0.02
Prat de Llobregat (El),5.2.-Resto de delitos contra la libertad sexual,15.0,66184.0,0.02
Sitges,5. Delitos contra la libertad sexual,15.0,32405.0,0.05
Vilafranca del Penedès,5. Delitos contra la libertad sexual,15.0,41504.0,0.04
Cerdanyola del Vallès,3. Delitos graves y menos graves de lesiones y riña tumultuaria,15.0,58100.0,0.03
Sant Adrià de Besòs,5.1.-Agresión sexual con penetración,15.0,38490.0,0.04
Sant Adrià de Besòs,10. Tráfico de drogas,15.0,38490.0,0.04
Castellar del Vallès,13.-Otros ciberdelitos,14.0,25322.0,0.06
Igualada,5. Delitos contra la libertad sexual,14.0,41466.0,0.03
Sant Andreu de la Barca,"7. Robos con fuerza en domicilios, establecimientos y otras instalaciones",14.0,27062.0,0.05
Rubí,5.2.-Resto de delitos contra la libertad sexual,14.0,81532.0,0.02
Rubí,3. Delitos graves y menos graves de lesiones y riña tumultuaria,14.0,81532.0,0.02
Sant Pere de Ribes,7.1.-Robos con fuerza en domicilios,14.0,32121.0,0.04
Vic,9. Sustracciones de vehículos,14.0,49530.0,0.03
Sant Pere de Ribes,"7. Robos con fuerza en domicilios, establecimientos y otras instalaciones",14.0,32121.0,0.04
Vilafranca del Penedès,3. Delitos graves y menos graves de lesiones y riña tumultuaria,14.0,41504.0,0.03
Masnou (El),6. Robos con violencia e intimidación,14.0,24479.0,0.06
Gavà,9. Sustracciones de vehículos,14.0,48007.0,0.03
Esplugues de Llobregat,5. Delitos contra la libertad sexual,14.0,47613.0,0.03
Esparreguera,"7. Robos con fuerza en domicilios, establecimientos y otras instalaciones",14.0,22550.0,0.06
Sant Boi de Llobregat,5. Delitos contra la libertad sexual,14.0,84831.0,0.02
Santa Perpètua de Mogoda,13.-Otros ciberdelitos,14.0,25960.0,0.05
Sant Adrià de Besòs,13.-Otros ciberdelitos,14.0,38490.0,0.04
Gavà,6. Robos con violencia e intimidación,14.0,48007.0,0.03
Santa Coloma de Gramenet,5.2.-Resto de delitos contra la libertad sexual,13.0,121203.0,0.01
Les Franqueses del Vallès,"7. Robos con fuerza en domicilios, establecimientos y otras instalaciones",13.0,20715.0,0.06
Mataró,5.1.-Agresión sexual con penetración,13.0,131798.0,0.01
Sant Vicenç dels Horts,13.-Otros ciberdelitos,13.0,28568.0,0.05
Sant Feliu de Llobregat,13.-Otros ciberdelitos,13.0,46554.0,0.03
Sant Vicenç dels Horts,3. Delitos graves y menos graves de lesiones y riña tumultuaria,13.0,28568.0,0.05
Vilassar de Mar,"7. Robos con fuerza en domicilios, establecimientos y otras instalaciones",13.0,21162.0,0.06
Sant Joan Despí,7.1.-Robos con fuerza en domicilios,13.0,35083.0,0.04
Vilafranca del Penedès,13.-Otros ciberdelitos,13.0,41504.0,0.03
Cornellà de Llobregat,5.2.-Resto de delitos contra la libertad sexual,13.0,91589.0,0.01
Gavà,13.-Otros ciberdelitos,13.0,48007.0,0.03
Calella,"7. Robos con fuerza en domicilios, establecimientos y otras instalaciones",13.0,20369.0,0.06
Manresa,5.2.-Resto de delitos contra la libertad sexual,13.0,80201.0,0.02
Viladecans,3. Delitos graves y menos graves de lesiones y riña tumultuaria,13.0,67348.0,0.02
Esparreguera,13.-Otros ciberdelitos,12.0,22550.0,0.05
Sant Cugat del Vallès,5.2.-Resto de delitos contra la libertad sexual,12.0,98621.0,0.01
Sant Just Desvern,9. Sustracciones de vehículos,12.0,20881.0,0.06
Sant Pere de Ribes,13.-Otros ciberdelitos,12.0,32121.0,0.04
Rubí,10. Tráfico de drogas,12.0,81532.0,0.01
Vic,13.-Otros ciberdelitos,12.0,49530.0,0.02
Vilanova i la Geltrú,10. Tráfico de drogas,12.0,70418.0,0.02
Igualada,5.2.-Resto de delitos contra la libertad sexual,12.0,41466.0,0.03
Gavà,5. Delitos contra la libertad sexual,11.0,48007.0,0.02
Mollet del Vallès,5. Delitos contra la libertad sexual,11.0,52283.0,0.02
Pineda de Mar,9. Sustracciones de vehículos,11.0,29455.0,0.04
Molins de Rei,13.-Otros ciberdelitos,11.0,26948.0,0.04
Vilanova i la Geltrú,5.2.-Resto de delitos contra la libertad sexual,11.0,70418.0,0.02
Sant Andreu de la Barca,13.-Otros ciberdelitos,11.0,27062.0,0.04
Vilassar de Mar,7.1.-Robos con fuerza en domicilios,11.0,21162.0,0.05
Granollers,13.-Otros ciberdelitos,11.0,64181.0,0.02
Vic,3. Delitos graves y menos graves de lesiones y riña tumultuaria,11.0,49530.0,0.02
Santa Coloma de Gramenet,10. Tráfico de drogas,11.0,121203.0,0.01
Masnou (El),13.-Otros ciberdelitos,11.0,24479.0,0.04
Viladecans,5. Delitos contra la libertad sexual,11.0,67348.0,0.02
Vic,5.2.-Resto de delitos contra la libertad sexual,11.0,49530.0,0.02
Hospitalet de Llobregat (L'),2. Homicidios dolosos y asesinatos en grado tentativa,11.0,279993.0,0.0
Castelldefels,10. Tráfico de drogas,10.0,69450.0,0.01
Granollers,5.2.-Resto de delitos contra la libertad sexual,10.0,64181.0,0.02
Vilafranca del Penedès,5.2.-Resto de delitos contra la libertad sexual,10.0,41504.0,0.02
Sant Just Desvern,13.-Otros ciberdelitos,10.0,20881.0,0.05
Esplugues de Llobregat,3. Delitos graves y menos graves de lesiones y riña tumultuaria,10.0,47613.0,0.02
Castelldefels,5. Delitos contra la libertad sexual,10.0,69450.0,0.01
Vilafranca del Penedès,10. Tráfico de drogas,10.0,41504.0,0.02
Calella,7.1.-Robos con fuerza en domicilios,10.0,20369.0,0.05
Molins de Rei,6. Robos con violencia e intimidación,10.0,26948.0,0.04
Santa Perpètua de Mogoda,3. Delitos graves y menos graves de lesiones y riña tumultuaria,10.0,25960.0,0.04
Martorell,9. Sustracciones de vehículos,10.0,28507.0,0.04
Manresa,10. Tráfico de drogas,10.0,80201.0,0.01
Pineda de Mar,5. Delitos contra la libertad sexual,10.0,29455.0,0.03
Cerdanyola del Vallès,5. Delitos contra la libertad sexual,10.0,58100.0,0.02
Calella,10. Tráfico de drogas,10.0,20369.0,0.05
Martorell,13.-Otros ciberdelitos,10.0,28507.0,0.04
Sant Quirze del Vallès,"7. Robos con fuerza en domicilios, establecimientos y otras instalaciones",10.0,20161.0,0.05
Manlleu,"7. Robos con fuerza en domicilios, establecimientos y otras instalaciones",10.0,21348.0,0.05
Santa Perpètua de Mogoda,7.1.-Robos con fuerza en domicilios,9.0,25960.0,0.03
Sant Pere de Ribes,3. Delitos graves y menos graves de lesiones y riña tumultuaria,9.0,32121.0,0.03
Manresa,5.1.-Agresión sexual con penetración,9.0,80201.0,0.01
Vilassar de Mar,9. Sustracciones de vehículos,9.0,21162.0,0.04
Sant Quirze del Vallès,6. Robos con violencia e intimidación,9.0,20161.0,0.04
Esplugues de Llobregat,5.2.-Resto de delitos contra la libertad sexual,9.0,47613.0,0.02
Gavà,3. Delitos graves y menos graves de lesiones y riña tumultuaria,9.0,48007.0,0.02
Cornellà de Llobregat,5.1.-Agresión sexual con penetración,9.0,91589.0,0.01
Vic,10. Tráfico de drogas,9.0,49530.0,0.02
Santa Perpètua de Mogoda,9. Sustracciones de vehículos,9.0,25960.0,0.03
Rubí,5.1.-Agresión sexual con penetración,9.0,81532.0,0.01
Sant Boi de Llobregat,5.1.-Agresión sexual con penetración,8.0,84831.0,0.01
Premià de Mar,3. Delitos graves y menos graves de lesiones y riña tumultuaria,8.0,28951.0,0.03
Sant Pere de Ribes,5. Delitos contra la libertad sexual,8.0,32121.0,0.02
Mollet del Vallès,10. Tráfico de drogas,8.0,52283.0,0.02
Esparreguera,7.1.-Robos con fuerza en domicilios,8.0,22550.0,0.04
Martorell,5. Delitos contra la libertad sexual,8.0,28507.0,0.03
Sitges,13.-Otros ciberdelitos,8.0,32405.0,0.02
Castellar del Vallès,7.1.-Robos con fuerza en domicilios,8.0,25322.0,0.03
Vic,5.1.-Agresión sexual con penetración,8.0,49530.0,0.02
Castellar del Vallès,"7. Robos con fuerza en domicilios, establecimientos y otras instalaciones",8.0,25322.0,0.03
Manlleu,7.1.-Robos con fuerza en domicilios,8.0,21348.0,0.04
Sant Feliu de Llobregat,5. Delitos contra la libertad sexual,8.0,46554.0,0.02
Manlleu,6. Robos con violencia e intimidación,8.0,21348.0,0.04
Sant Pere de Ribes,6. Robos con violencia e intimidación,8.0,32121.0,0.02
Ripollet,5. Delitos contra la libertad sexual,8.0,39462.0,0.02
Badalona,2. Homicidios dolosos y asesinatos en grado tentativa,8.0,227083.0,0.0
Vilassar de Mar,13.-Otros ciberdelitos,8.0,21162.0,0.04
Sitges,5.2.-Resto de delitos contra la libertad sexual,8.0,32405.0,0.02
Gavà,5.1.-Agresión sexual con penetración,8.0,48007.0,0.02
Sant Pere de Ribes,9. Sustracciones de vehículos,8.0,32121.0,0.02
Sant Vicenç dels Horts,5. Delitos contra la libertad sexual,8.0,28568.0,0.03
Les Franqueses del Vallès,7.1.-Robos con fuerza en domicilios,8.0,20715.0,0.04
Sitges,5.1.-Agresión sexual con penetración,7.0,32405.0,0.02
Granollers,10. Tráfico de drogas,7.0,64181.0,0.01
Olesa de Montserrat,13.-Otros ciberdelitos,7.0,24677.0,0.03
Viladecans,5.2.-Resto de delitos contra la libertad sexual,7.0,67348.0,0.01
Cerdanyola del Vallès,5.2.-Resto de delitos contra la libertad sexual,7.0,58100.0,0.01
Sant Quirze del Vallès,5. Delitos contra la libertad sexual,7.0,20161.0,0.03
Mollet del Vallès,5.1.-Agresión sexual con penetración,7.0,52283.0,0.01
Montcada i Reixac,3. Delitos graves y menos graves de lesiones y riña tumultuaria,7.0,37153.0,0.02
Mollet del Vallès,3. Delitos graves y menos graves de lesiones y riña tumultuaria,7.0,52283.0,0.01
Igualada,3. Delitos graves y menos graves de lesiones y riña tumultuaria,7.0,41466.0,0.02
Olesa de Montserrat,"7. Robos con fuerza en domicilios, establecimientos y otras instalaciones",6.0,24677.0,0.02
Calella,5. Delitos contra la libertad sexual,6.0,20369.0,0.03
Cerdanyola del Vallès,10. Tráfico de drogas,6.0,58100.0,0.01
Calella,3. Delitos graves y menos graves de lesiones y riña tumultuaria,6.0,20369.0,0.03
Pineda de Mar,3. Delitos graves y menos graves de lesiones y riña tumultuaria,6.0,29455.0,0.02
Pineda de Mar,13.-Otros ciberdelitos,6.0,29455.0,0.02
Premià de Mar,5. Delitos contra la libertad sexual,6.0,28951.0,0.02
Pineda de Mar,10. Tráfico de drogas,6.0,29455.0,0.02
Vilanova i la Geltrú,5.1.-Agresión sexual con penetración,6.0,70418.0,0.01
Castelldefels,5.2.-Resto de delitos contra la libertad sexual,6.0,69450.0,0.01
Barberà del Vallès,5. Delitos contra la libertad sexual,6.0,33575.0,0.02
Granollers,5.1.-Agresión sexual con penetración,6.0,64181.0,0.01
Sant Andreu de la Barca,3. Delitos graves y menos graves de lesiones y riña tumultuaria,6.0,27062.0,0.02
Barberà del Vallès,3. Delitos graves y menos graves de lesiones y riña tumultuaria,6.0,33575.0,0.02
Sant Quirze del Vallès,3. Delitos graves y menos graves de lesiones y riña tumultuaria,6.0,20161.0,0.03
Masnou (El),3. Delitos graves y menos graves de lesiones y riña tumultuaria,6.0,24479.0,0.02
Sant Boi de Llobregat,5.2.-Resto de delitos contra la libertad sexual,6.0,84831.0,0.01
Esplugues de Llobregat,10. Tráfico de drogas,6.0,47613.0,0.01
Martorell,5.2.-Resto de delitos contra la libertad sexual,6.0,28507.0,0.02
Sitges,10. Tráfico de drogas,6.0,32405.0,0.02
Prat de Llobregat (El),5.1.-Agresión sexual con penetración,6.0,66184.0,0.01
Esparreguera,3. Delitos graves y menos graves de lesiones y riña tumultuaria,6.0,22550.0,0.03
Masnou (El),5. Delitos contra la libertad sexual,6.0,24479.0,0.02
Viladecans,10. Tráfico de drogas,6.0,67348.0,0.01
Sant Just Desvern,6. Robos con violencia e intimidación,5.0,20881.0,0.02
Sant Quirze del Vallès,13.-Otros ciberdelitos,5.0,20161.0,0.02
Sant Quirze del Vallès,7.1.-Robos con fuerza en domicilios,5.0,20161.0,0.02
Sant Vicenç dels Horts,10. Tráfico de drogas,5.0,28568.0,0.02
Vilafranca del Penedès,5.1.-Agresión sexual con penetración,5.0,41504.0,0.01
Sant Pere de Ribes,5.1.-Agresión sexual con penetración,5.0,32121.0,0.02
Sant Quirze del Vallès,9. Sustracciones de vehículos,5.0,20161.0,0.02
Pineda de Mar,5.1.-Agresión sexual con penetración,5.0,29455.0,0.02
Sant Andreu de la Barca,9. Sustracciones de vehículos,5.0,27062.0,0.02
Molins de Rei,3. Delitos graves y menos graves de lesiones y riña tumultuaria,5.0,26948.0,0.02
Castellar del Vallès,9. Sustracciones de vehículos,5.0,25322.0,0.02
Barberà del Vallès,13.-Otros ciberdelitos,5.0,33575.0,0.01
Montcada i Reixac,10. Tráfico de drogas,5.0,37153.0,0.01
Sant Boi de Llobregat,10. Tráfico de drogas,5.0,84831.0,0.01
Olesa de Montserrat,7.1.-Robos con fuerza en domicilios,5.0,24677.0,0.02
Esplugues de Llobregat,5.1.-Agresión sexual con penetración,5.0,47613.0,0.01
Montcada i Reixac,5. Delitos contra la libertad sexual,5.0,37153.0,0.01
Montcada i Reixac,5.1.-Agresión sexual con penetración,5.0,37153.0,0.01
Ripollet,5.1.-Agresión sexual con penetración,5.0,39462.0,0.01
Masnou (El),9. Sustracciones de vehículos,5.0,24479.0,0.02
Esparreguera,9. Sustracciones de vehículos,5.0,22550.0,0.02
Sant Feliu de Llobregat,5.2.-Resto de delitos contra la libertad sexual,5.0,46554.0,0.01
Pineda de Mar,5.2.-Resto de delitos contra la libertad sexual,5.0,29455.0,0.02
Barcelona,1. Homicidios dolosos y asesinatos consumados,5.0,1702547.0,0.0
Esparreguera,6. Robos con violencia e intimidación,5.0,22550.0,0.02
Premià de Mar,5.2.-Resto de delitos contra la libertad sexual,5.0,28951.0,0.02
Premià de Mar,9. Sustracciones de vehículos,5.0,28951.0,0.02
Les Franqueses del Vallès,6. Robos con violencia e intimidación,5.0,20715.0,0.02
Manlleu,5. Delitos contra la libertad sexual,5.0,21348.0,0.02
Igualada,10. Tráfico de drogas,5.0,41466.0,0.01
Calella,5.2.-Resto de delitos contra la libertad sexual,4.0,20369.0,0.02
Santa Perpètua de Mogoda,5. Delitos contra la libertad sexual,4.0,25960.0,0.02
Sant Pere de Ribes,10. Tráfico de drogas,4.0,32121.0,0.01
Olesa de Montserrat,3. Delitos graves y menos graves de lesiones y riña tumultuaria,4.0,24677.0,0.02
Calella,9. Sustracciones de vehículos,4.0,20369.0,0.02
Sabadell,2. Homicidios dolosos y asesinatos en grado tentativa,4.0,222177.0,0.0
Mollet del Vallès,5.2.-Resto de delitos contra la libertad sexual,4.0,52283.0,0.01
Viladecans,5.1.-Agresión sexual con penetración,4.0,67348.0,0.01
Martorell,3. Delitos graves y menos graves de lesiones y riña tumultuaria,4.0,28507.0,0.01
Sant Quirze del Vallès,5.2.-Resto de delitos contra la libertad sexual,4.0,20161.0,0.02
Ripollet,3. Delitos graves y menos graves de lesiones y riña tumultuaria,4.0,39462.0,0.01
Castelldefels,5.1.-Agresión sexual con penetración,4.0,69450.0,0.01
Masnou (El),5.2.-Resto de delitos contra la libertad sexual,4.0,24479.0,0.02
Castellar del Vallès,10. Tráfico de drogas,4.0,25322.0,0.02
Molins de Rei,5. Delitos contra la libertad sexual,4.0,26948.0,0.01
Molins de Rei,5.2.-Resto de delitos contra la libertad sexual,4.0,26948.0,0.01
Sant Vicenç dels Horts,5.2.-Resto de delitos contra la libertad sexual,4.0,28568.0,0.01
Sant Vicenç dels Horts,5.1.-Agresión sexual con penetración,4.0,28568.0,0.01
Castellar del Vallès,6. Robos con violencia e intimidación,4.0,25322.0,0.02
Sant Feliu de Llobregat,10. Tráfico de drogas,4.0,46554.0,0.01
Sant Andreu de la Barca,7.1.-Robos con fuerza en domicilios,4.0,27062.0,0.01
Sant Joan Despí,5. Delitos contra la libertad sexual,4.0,35083.0,0.01
Barberà del Vallès,5.1.-Agresión sexual con penetración,4.0,33575.0,0.01
Terrassa,2. Homicidios dolosos y asesinatos en grado tentativa,4.0,228708.0,0.0
Olesa de Montserrat,6. Robos con violencia e intimidación,4.0,24677.0,0.02
Vilassar de Mar,5. Delitos contra la libertad sexual,4.0,21162.0,0.02
Sant Andreu de la Barca,6. Robos con violencia e intimidación,4.0,27062.0,0.01
Mataró,2. Homicidios dolosos y asesinatos en grado tentativa,3.0,131798.0,0.0
Les Franqueses del Vallès,9. Sustracciones de vehículos,3.0,20715.0,0.01
Sant Joan Despí,3. Delitos graves y menos graves de lesiones y riña tumultuaria,3.0,35083.0,0.01
Sant Joan Despí,5.2.-Resto de delitos contra la libertad sexual,3.0,35083.0,0.01
Badalona,1. Homicidios dolosos y asesinatos consumados,3.0,227083.0,0.0
Sant Cugat del Vallès,5.1.-Agresión sexual con penetración,3.0,98621.0,0.0
Sant Feliu de Llobregat,5.1.-Agresión sexual con penetración,3.0,46554.0,0.01
Sant Joan Despí,10. Tráfico de drogas,3.0,35083.0,0.01
Castellar del Vallès,3. Delitos graves y menos graves de lesiones y riña tumultuaria,3.0,25322.0,0.01
Les Franqueses del Vallès,5.1.-Agresión sexual con penetración,3.0,20715.0,0.01
Esparreguera,5. Delitos contra la libertad sexual,3.0,22550.0,0.01
Les Franqueses del Vallès,5. Delitos contra la libertad sexual,3.0,20715.0,0.01
Ripollet,5.2.-Resto de delitos contra la libertad sexual,3.0,39462.0,0.01
Sant Cugat del Vallès,10. Tráfico de drogas,3.0,98621.0,0.0
Sant Feliu de Llobregat,3. Delitos graves y menos graves de lesiones y riña tumultuaria,3.0,46554.0,0.01
Sant Pere de Ribes,5.2.-Resto de delitos contra la libertad sexual,3.0,32121.0,0.01
Martorell,10. Tráfico de drogas,3.0,28507.0,0.01
Gavà,10. Tráfico de drogas,3.0,48007.0,0.01
Olesa de Montserrat,5. Delitos contra la libertad sexual,3.0,24677.0,0.01
Sant Andreu de la Barca,5. Delitos contra la libertad sexual,3.0,27062.0,0.01
Sant Adrià de Besòs,5.2.-Resto de delitos contra la libertad sexual,3.0,38490.0,0.01
Manlleu,5.2.-Resto de delitos contra la libertad sexual,3.0,21348.0,0.01
Santa Perpètua de Mogoda,5.2.-Resto de delitos contra la libertad sexual,3.0,25960.0,0.01
Gavà,5.2.-Resto de delitos contra la libertad sexual,3.0,48007.0,0.01
Cerdanyola del Vallès,5.1.-Agresión sexual con penetración,3.0,58100.0,0.01
Esparreguera,5.2.-Resto de delitos contra la libertad sexual,3.0,22550.0,0.01
Sant Just Desvern,3. Delitos graves y menos graves de lesiones y riña tumultuaria,3.0,20881.0,0.01
Vilassar de Mar,5.2.-Resto de delitos contra la libertad sexual,3.0,21162.0,0.01
Sant Quirze del Vallès,5.1.-Agresión sexual con penetración,3.0,20161.0,0.01
Olesa de Montserrat,10. Tráfico de drogas,2.0,24677.0,0.01
Santa Coloma de Gramenet,2. Homicidios dolosos y asesinatos en grado tentativa,2.0,121203.0,0.0
Olesa de Montserrat,5.2.-Resto de delitos contra la libertad sexual,2.0,24677.0,0.01
Montcada i Reixac,2. Homicidios dolosos y asesinatos en grado tentativa,2.0,37153.0,0.01
Igualada,5.1.-Agresión sexual con penetración,2.0,41466.0,0.0
Esparreguera,10. Tráfico de drogas,2.0,22550.0,0.01
Manlleu,3. Delitos graves y menos graves de lesiones y riña tumultuaria,2.0,21348.0,0.01
Barberà del Vallès,5.2.-Resto de delitos contra la libertad sexual,2.0,33575.0,0.01
Les Franqueses del Vallès,3. Delitos graves y menos graves de lesiones y riña tumultuaria,2.0,20715.0,0.01
Terrassa,1. Homicidios dolosos y asesinatos consumados,2.0,228708.0,0.0
Sant Just Desvern,5.2.-Resto de delitos contra la libertad sexual,2.0,20881.0,0.01
Sant Just Desvern,5. Delitos contra la libertad sexual,2.0,20881.0,0.01
Les Franqueses del Vallès,10. Tráfico de drogas,2.0,20715.0,0.01
Manlleu,9. Sustracciones de vehículos,2.0,21348.0,0.01
Manlleu,5.1.-Agresión sexual con penetración,2.0,21348.0,0.01
Barcelona,4. Secuestro,2.0,1702547.0,0.0
Sant Andreu de la Barca,5.1.-Agresión sexual con penetración,2.0,27062.0,0.01
Manlleu,13.-Otros ciberdelitos,2.0,21348.0,0.01
Calella,5.1.-Agresión sexual con penetración,2.0,20369.0,0.01
Manlleu,10. Tráfico de drogas,2.0,21348.0,0.01
Manresa,2. Homicidios dolosos y asesinatos en grado tentativa,2.0,80201.0,0.0
Sant Quirze del Vallès,10. Tráfico de drogas,2.0,20161.0,0.01
Masnou (El),5.1.-Agresión sexual con penetración,2.0,24479.0,0.01
Masnou (El),10. Tráfico de drogas,2.0,24479.0,0.01
Martorell,5.1.-Agresión sexual con penetración,2.0,28507.0,0.01
Esparreguera,2. Homicidios dolosos y asesinatos en grado tentativa,1.0,22550.0,0.0
Santa Perpètua de Mogoda,5.1.-Agresión sexual con penetración,1.0,25960.0,0.0
Martorell,2. Homicidios dolosos y asesinatos en grado tentativa,1.0,28507.0,0.0
Santa Perpètua de Mogoda,2. Homicidios dolosos y asesinatos en grado tentativa,1.0,25960.0,0.0
Les Franqueses del Vallès,13.-Otros ciberdelitos,1.0,20715.0,0.0
Molins de Rei,10. Tráfico de drogas,1.0,26948.0,0.0
Viladecans,2. Homicidios dolosos y asesinatos en grado tentativa,1.0,67348.0,0.0
Vilafranca del Penedès,2. Homicidios dolosos y asesinatos en grado tentativa,1.0,41504.0,0.0
Prat de Llobregat (El),2. Homicidios dolosos y asesinatos en grado tentativa,1.0,66184.0,0.0
Castellar del Vallès,5.1.-Agresión sexual con penetración,1.0,25322.0,0.0
Castellar del Vallès,4. Secuestro,1.0,25322.0,0.0
Premià de Mar,5.1.-Agresión sexual con penetración,1.0,28951.0,0.0
Barberà del Vallès,10. Tráfico de drogas,1.0,33575.0,0.0
Vilassar de Mar,5.1.-Agresión sexual con penetración,1.0,21162.0,0.0
Sant Pere de Ribes,2. Homicidios dolosos y asesinatos en grado tentativa,1.0,32121.0,0.0
Ripollet,2. Homicidios dolosos y asesinatos en grado tentativa,1.0,39462.0,0.0
Sant Vicenç dels Horts,2. Homicidios dolosos y asesinatos en grado tentativa,1.0,28568.0,0.0
Sant Cugat del Vallès,2. Homicidios dolosos y asesinatos en grado tentativa,1.0,98621.0,0.0
Ripollet,10. Tráfico de drogas,1.0,39462.0,0.0
Vilassar de Mar,3. Delitos graves y menos graves de lesiones y riña tumultuaria,1.0,21162.0,0.0
Cornellà de Llobregat,2. Homicidios dolosos y asesinatos en grado tentativa,1.0,91589.0,0.0
Olesa de Montserrat,1. Homicidios dolosos y asesinatos consumados,1.0,24677.0,0.0
Vic,2. Homicidios dolosos y asesinatos en grado tentativa,1.0,49530.0,0.0
Sant Andreu de la Barca,10. Tráfico de drogas,1.0,27062.0,0.0
Olesa de Montserrat,5.1.-Agresión sexual con penetración,1.0,24677.0,0.0
Olesa de Montserrat,9. Sustracciones de vehículos,1.0,24677.0,0.0
Sant Joan Despí,5.1.-Agresión sexual con penetración,1.0,35083.0,0.0
Santa Coloma de Gramenet,4. Secuestro,1.0,121203.0,0.0
Sant Andreu de la Barca,5.2.-Resto de delitos contra la libertad sexual,1.0,27062.0,0.0
Sant Adrià de Besòs,2. Homicidios dolosos y asesinatos en grado tentativa,1.0,38490.0,0.0
Castellar del Vallès,5. Delitos contra la libertad sexual,1.0,25322.0,0.0
Gavà,1. Homicidios dolosos y asesinatos consumados,0.0,48007.0,0.0
Barberà del Vallès,1. Homicidios dolosos y asesinatos consumados,0.0,33575.0,0.0
Vilanova i la Geltrú,1. Homicidios dolosos y asesinatos consumados,0.0,70418.0,0.0
Barberà del Vallès,2. Homicidios dolosos y asesinatos en grado tentativa,0.0,33575.0,0.0
Cornellà de Llobregat,1. Homicidios dolosos y asesinatos consumados,0.0,91589.0,0.0
Granollers,4. Secuestro,0.0,64181.0,0.0
Barberà del Vallès,4. Secuestro,0.0,33575.0,0.0
Vilassar de Mar,4. Secuestro,0.0,21162.0,0.0
Granollers,2. Homicidios dolosos y asesinatos en grado tentativa,0.0,64181.0,0.0
Vic,1. Homicidios dolosos y asesinatos consumados,0.0,49530.0,0.0
Vilassar de Mar,2. Homicidios dolosos y asesinatos en grado tentativa,0.0,21162.0,0.0
Granollers,1. Homicidios dolosos y asesinatos consumados,0.0,64181.0,0.0
Badalona,4. Secuestro,0.0,227083.0,0.0
Hospitalet de Llobregat (L'),4. Secuestro,0.0,279993.0,0.0
Vilassar de Mar,10. Tráfico de drogas,0.0,21162.0,0.0
Hospitalet de Llobregat (L'),1. Homicidios dolosos y asesinatos consumados,0.0,279993.0,0.0
Gavà,2. Homicidios dolosos y asesinatos en grado tentativa,0.0,48007.0,0.0
Calella,1. Homicidios dolosos y asesinatos consumados,0.0,20369.0,0.0
Calella,4. Secuestro,0.0,20369.0,0.0
Gavà,4. Secuestro,0.0,48007.0,0.0
Cornellà de Llobregat,4. Secuestro,0.0,91589.0,0.0
Cerdanyola del Vallès,1. Homicidios dolosos y asesinatos consumados,0.0,58100.0,0.0
Cerdanyola del Vallès,2. Homicidios dolosos y asesinatos en grado tentativa,0.0,58100.0,0.0
Cerdanyola del Vallès,4. Secuestro,0.0,58100.0,0.0
Esparreguera,5.1.-Agresión sexual con penetración,0.0,22550.0,0.0
Vilafranca del Penedès,4. Secuestro,0.0,41504.0,0.0
Castelldefels,1. Homicidios dolosos y asesinatos consumados,0.0,69450.0,0.0
Viladecans,1. Homicidios dolosos y asesinatos consumados,0.0,67348.0,0.0
Castelldefels,2. Homicidios dolosos y asesinatos en grado tentativa,0.0,69450.0,0.0
Esparreguera,4. Secuestro,0.0,22550.0,0.0
Castelldefels,4. Secuestro,0.0,69450.0,0.0
Vilafranca del Penedès,1. Homicidios dolosos y asesinatos consumados,0.0,41504.0,0.0
Castellar del Vallès,1. Homicidios dolosos y asesinatos consumados,0.0,25322.0,0.0
Esparreguera,1. Homicidios dolosos y asesinatos consumados,0.0,22550.0,0.0
Castellar del Vallès,2. Homicidios dolosos y asesinatos en grado tentativa,0.0,25322.0,0.0
Viladecans,4. Secuestro,0.0,67348.0,0.0
Castellar del Vallès,5.2.-Resto de delitos contra la libertad sexual,0.0,25322.0,0.0
Esplugues de Llobregat,4. Secuestro,0.0,47613.0,0.0
Vilanova i la Geltrú,4. Secuestro,0.0,70418.0,0.0
Esplugues de Llobregat,2. Homicidios dolosos y asesinatos en grado tentativa,0.0,47613.0,0.0
Esplugues de Llobregat,1. Homicidios dolosos y asesinatos consumados,0.0,47613.0,0.0
Calella,2. Homicidios dolosos y asesinatos en grado tentativa,0.0,20369.0,0.0
Vilanova i la Geltrú,2. Homicidios dolosos y asesinatos en grado tentativa,0.0,70418.0,0.0
Sant Feliu de Llobregat,1. Homicidios dolosos y asesinatos consumados,0.0,46554.0,0.0
Mataró,4. Secuestro,0.0,131798.0,0.0
Igualada,4. Secuestro,0.0,41466.0,0.0
Sant Pere de Ribes,4. Secuestro,0.0,32121.0,0.0
Sabadell,1. Homicidios dolosos y asesinatos consumados,0.0,222177.0,0.0
Sant Pere de Ribes,1. Homicidios dolosos y asesinatos consumados,0.0,32121.0,0.0
Sabadell,4. Secuestro,0.0,222177.0,0.0
Rubí,1. Homicidios dolosos y asesinatos consumados,0.0,81532.0,0.0
Rubí,2. Homicidios dolosos y asesinatos en grado tentativa,0.0,81532.0,0.0
Rubí,4. Secuestro,0.0,81532.0,0.0
Ripollet,1. Homicidios dolosos y asesinatos consumados,0.0,39462.0,0.0
Sant Quirze del Vallès,4. Secuestro,0.0,20161.0,0.0
Ripollet,4. Secuestro,0.0,39462.0,0.0
Sant Quirze del Vallès,2. Homicidios dolosos y asesinatos en grado tentativa,0.0,20161.0,0.0
Premià de Mar,1. Homicidios dolosos y asesinatos consumados,0.0,28951.0,0.0
Sant Quirze del Vallès,1. Homicidios dolosos y asesinatos consumados,0.0,20161.0,0.0
Premià de Mar,10. Tráfico de drogas,0.0,28951.0,0.0
Premià de Mar,2. Homicidios dolosos y asesinatos en grado tentativa,0.0,28951.0,0.0
Premià de Mar,4. Secuestro,0.0,28951.0,0.0
Prat de Llobregat (El),1. Homicidios dolosos y asesinatos consumados,0.0,66184.0,0.0
Prat de Llobregat (El),4. Secuestro,0.0,66184.0,0.0
Sant Adrià de Besòs,4. Secuestro,0.0,38490.0,0.0
Sant Adrià de Besòs,1. Homicidios dolosos y asesinatos consumados,0.0,38490.0,0.0
Vic,4. Secuestro,0.0,49530.0,0.0
Sant Andreu de la Barca,4. Secuestro,0.0,27062.0,0.0
Sant Feliu de Llobregat,2. Homicidios dolosos y asesinatos en grado tentativa,0.0,46554.0,0.0
Sant Joan Despí,4. Secuestro,0.0,35083.0,0.0
Sant Joan Despí,2. Homicidios dolosos y asesinatos en grado tentativa,0.0,35083.0,0.0
Sant Feliu de Llobregat,4. Secuestro,0.0,46554.0,0.0
Sant Joan Despí,1. Homicidios dolosos y asesinatos consumados,0.0,35083.0,0.0
Sant Cugat del Vallès,1. Homicidios dolosos y asesinatos consumados,0.0,98621.0,0.0
Sant Cugat del Vallès,4. Secuestro,0.0,98621.0,0.0
Sant Boi de Llobregat,1. Homicidios dolosos y asesinatos consumados,0.0,84831.0,0.0
Sant Just Desvern,5.1.-Agresión sexual con penetración,0.0,20881.0,0.0
Sant Just Desvern,4. Secuestro,0.0,20881.0,0.0
Sant Just Desvern,2. Homicidios dolosos y asesinatos en grado tentativa,0.0,20881.0,0.0
Sant Boi de Llobregat,2. Homicidios dolosos y asesinatos en grado tentativa,0.0,84831.0,0.0
Sant Boi de Llobregat,4. Secuestro,0.0,84831.0,0.0
Sant Andreu de la Barca,1. Homicidios dolosos y asesinatos consumados,0.0,27062.0,0.0
Sant Just Desvern,10. Tráfico de drogas,0.0,20881.0,0.0
Sant Just Desvern,1. Homicidios dolosos y asesinatos consumados,0.0,20881.0,0.0
Sant Andreu de la Barca,2. Homicidios dolosos y asesinatos en grado tentativa,0.0,27062.0,0.0
Sant Vicenç dels Horts,4. Secuestro,0.0,28568.0,0.0
Pineda de Mar,1. Homicidios dolosos y asesinatos consumados,0.0,29455.0,0.0
Pineda de Mar,2. Homicidios dolosos y asesinatos en grado tentativa,0.0,29455.0,0.0
Pineda de Mar,4. Secuestro,0.0,29455.0,0.0
Martorell,1. Homicidios dolosos y asesinatos consumados,0.0,28507.0,0.0
Sitges,4. Secuestro,0.0,32405.0,0.0
Sitges,2. Homicidios dolosos y asesinatos en grado tentativa,0.0,32405.0,0.0
Martorell,4. Secuestro,0.0,28507.0,0.0
Sitges,1. Homicidios dolosos y asesinatos consumados,0.0,32405.0,0.0
Manresa,1. Homicidios dolosos y asesinatos consumados,0.0,80201.0,0.0
Manresa,4. Secuestro,0.0,80201.0,0.0
Manlleu,1. Homicidios dolosos y asesinatos consumados,0.0,21348.0,0.0
Manlleu,2. Homicidios dolosos y asesinatos en grado tentativa,0.0,21348.0,0.0
Manlleu,4. Secuestro,0.0,21348.0,0.0
Terrassa,4. Secuestro,0.0,228708.0,0.0
Les Franqueses del Vallès,1. Homicidios dolosos y asesinatos consumados,0.0,20715.0,0.0
Les Franqueses del Vallès,2. Homicidios dolosos y asesinatos en grado tentativa,0.0,20715.0,0.0
Les Franqueses del Vallès,4. Secuestro,0.0,20715.0,0.0
Les Franqueses del Vallès,5.2.-Resto de delitos contra la libertad sexual,0.0,20715.0,0.0
Igualada,1. Homicidios dolosos y asesinatos consumados,0.0,41466.0,0.0
Igualada,2. Homicidios dolosos y asesinatos en grado tentativa,0.0,41466.0,0.0
Masnou (El),4. Secuestro,0.0,24479.0,0.0
Masnou (El),2. Homicidios dolosos y asesinatos en grado tentativa,0.0,24479.0,0.0
Masnou (El),1. Homicidios dolosos y asesinatos consumados,0.0,24479.0,0.0
Mollet del Vallès,1. Homicidios dolosos y asesinatos consumados,0.0,52283.0,0.0
Sant Vicenç dels Horts,1. Homicidios dolosos y asesinatos consumados,0.0,28568.0,0.0
Olesa de Montserrat,2. Homicidios dolosos y asesinatos en grado tentativa,0.0,24677.0,0.0
Olesa de Montserrat,4. Secuestro,0.0,24677.0,0.0
Montcada i Reixac,1. Homicidios dolosos y asesinatos consumados,0.0,37153.0,0.0
Montcada i Reixac,4. Secuestro,0.0,37153.0,0.0
Santa Coloma de Gramenet,1. Homicidios dolosos y asesinatos consumados,0.0,121203.0,0.0
Montcada i Reixac,5.2.-Resto de delitos contra la libertad sexual,0.0,37153.0,0.0
Mollet del Vallès,2. Homicidios dolosos y asesinatos en grado tentativa,0.0,52283.0,0.0
Mataró,1. Homicidios dolosos y asesinatos consumados,0.0,131798.0,0.0
Mollet del Vallès,4. Secuestro,0.0,52283.0,0.0
Molins de Rei,1. Homicidios dolosos y asesinatos consumados,0.0,26948.0,0.0
Molins de Rei,2. Homicidios dolosos y asesinatos en grado tentativa,0.0,26948.0,0.0
Santa Perpètua de Mogoda,4. Secuestro,0.0,25960.0,0.0
Molins de Rei,4. Secuestro,0.0,26948.0,0.0
Molins de Rei,5.1.-Agresión sexual con penetración,0.0,26948.0,0.0
Santa Perpètua de Mogoda,1. Homicidios dolosos y asesinatos consumados,0.0,25960.0,0.0
Vilassar de Mar,1. Homicidios dolosos y asesinatos consumados,0.0,21162.0,0.0
